,0
0,"['the', 'cream', 'isn', 'soothing', 'eczema', 'or', 'flakiness', 'anymore']"
1,"['fab', 'cream', 'for', 'almost', 'decade']"
2,"['cream', 've', 'got', 'whole', 'family', 'with', 'sensitive', 'skin']"
3,"['skin', 'actually', 'soft', 'but', 'never', 'greasy', 'and', 'weird']"
4,"['buy', 'for', 'variety', 'of', 'concern', 'dry', 'skin', 'acne']"
5,"['discontinued', 'fragrance', 'rip', 'coconut', 'lime']"
6,"['insubstantial', 'when', 'applied', 'once', 'it', 'rubbed']"
7,"['ve', 'been', 'using', 'this', 'fab']"
8,"['is', 'catastrophic', 'change', 'this', 'product']"
9,"['very', 'harsh', 'winter', 'we', 've', 'bought', 'uncounted', 'tube']"
10,"['the', 'best', 'not', 'greasy', 'but', 'keep', 'your', 'hand']"
11,"['cream', 'and', 'this', 'is', 'by', 'far', 'the', 'best']"
12,"['ve', 'tried', 'gold', 'bond', 'cream']"
13,"['gold', 'bond', 'cream', 'to', 'occitaine', 'cream', 'and', 'this']"
14,"['occitaine', 'cream', 'and', 'this', 'is', 'by', 'far', 'the']"
15,"['wash', 'my', 'hand', 'so', 'much', 'this', 'ha', 'been']"
16,"['hand', 'supple', 'work']"
17,"['winter', 'dryness', 'a', 'well', 'cannot']"
18,"['wa', 'on', 'sale', 'to', 'try']"
19,"['supple', 'work', 'in', 'health', 'care']"
20,"['have', 'any', 'issue', 'and', 'it', 'did', 'moisturize']"
21,"['eucalyptus', 'and', 'got', 'pimple']"
22,"['moisturize', 'well', 'even', 'used', 'it', 'on', 'my', 'baby']"
23,"['used', 'it', 'on', 'my', 'baby', 'skin', 'and']"
24,"['skin', 'and', 'it', 'helped', 'however', 'after', 'few', 'month']"
25,"['product', 'for', 'many', 'month']"
26,"['leave', 'me', 'moisturized', 'for', 'few']"
27,"['off', 'when', 'using', 'the', 'product', 'also', 'after', 'point']"
28,"['felt', 'like', 'got', 'sensitive', 'to']"
29,"['it', 'might', 'be']"
30,"['bought', 'the', 'ultra', 'repair', 'cream', 'it', 'wa', 'amazing']"
31,"['eczema', 'looking', 'patch', 'on', 'my', 'arm', 'within', 'week']"
32,"['for', 'how', 'much', 'cream', 'wa', 'having', 'to', 'use']"
33,"['14oz', 'jar', 'seems', 'little', 'excessive', 'for', 'how', 'much']"
34,"['lotion', 'that', 'were', 'le', 'than', 'the', 'price', 'for']"
35,"['christmas', 'pear', 'fragrance', 'and', 'waited', 'month']"
36,"['this', 'product', 'so', 'much', 'when', 'first', 'started', 'using']"
37,"['the', 'price', 'for', 'more', 'product']"
38,"['becoming', 'thinner', 'and', 'not', 'working', 'a']"
39,"['bleed', 'at', 'the', 'knuckle', 'and', 'cuticle']"
40,"['love', 'this', 'moisturizer', 'use', 'it', 'a', 'my', 'morning']"
41,"['my', 'morning', 'moisturizer', 'and', 'make', 'me', 'feel', 'hydrated']"
42,"['love', 'this', 'moisturizer', 'use', 'it', 'a']"
43,"['love', 'this', 'moisturizer']"
44,"['moisturizer', 'use', 'it', 'a', 'my', 'morning', 'moisturizer', 'and']"
45,"['it', 'a', 'my', 'morning', 'moisturizer', 'and', 'make', 'me']"
46,"['this', 'moisturizer', 'use', 'it', 'a', 'my']"
47,"['make', 'me', 'feel', 'hydrated']"
48,"['moisturizer', 'and', 'make']"
49,"['love', 'this']"
50,"['great', 'choice', 'for', 'oily', 'acne', 'prone', 'skin', 'work']"
51,"['great', 'choice', 'for', 'oily', 'acne', 'prone', 'skin']"
52,"['great', 'choice', 'for', 'oily', 'acne']"
53,"['for', 'oily', 'acne', 'prone', 'skin']"
54,"['for', 'oily', 'acne', 'prone', 'skin', 'work', 'well', 'with']"
55,"['oily', 'acne', 'prone', 'skin', 'work', 'well', 'with', 'topicals']"
56,"['for', 'oily', 'acne']"
57,"['work', 'well', 'with', 'topicals', 'and', 'give', 'long', 'lasting']"
58,"['for', 'oily']"
59,"['great', 'choice', 'for']"
60,"['cerave', 'disagree', 'not', 'all', 'moisturizers', 'work', 'for', 'everyone']"
61,"['rosacea', 'and', 'super', 'sensitive', 'skin', 'and', 'wanted', 'moisturizer']"
62,"['cetaphil', 'gentle', 'cleanser', 'and', 'it', 'feel', 'great', 'also']"
63,"['skin', 'but', 'fab', 'ultra', 'hydrating', 'cream']"
64,"['rosacea', 'and', 'saw', 'different', 'in', 'my', 'redness']"
65,"['cream', 'truly', 'doe', 'soothe', 'it', 'worth', 'the', 'price']"
66,"['expensive', 'version', 'of', 'cerave']"
67,"['aggravate', 'my', 'skin', 'but', 'rather', 'calm']"
68,"['price', 'for', 'the', 'tub']"
69,"['fab', 'ultra']"
70,"['product', 'every', 'winter', 'this', 'is', 'probably', '10', 'bottle']"
71,"['probably', '10', 'bottle', 'wish', 'can', 'give', 'million', 'star']"
72,"['use', 'this', 'product', 'every', 'winter']"
73,"['probably', '10', 'bottle']"
74,"['this', 'product', 'every']"
75,"['alot', 'during']"
76,"['use', 'this', 'product', 'it', 'help', 'alot', 'during']"
77,"['husand', 'and', 'my', 'whole', 'family', 'use', 'this', 'product']"
78,"['can', 'give', 'million', 'star', 'my', 'husand']"
79,"['whole', 'family', 'use']"
80,"['honestly', 'this', 'stuff', 'is', 'not', 'a', 'moisturizing']"
81,"['itchy', 'dry', 'neck', 'despite', 'slathering', 'this', 'stuff', 'on']"
82,"['moisturizing', 'a', 'it', 'claim', 'to', 'be', 'got', 'retinol']"
83,"['it', 'make', 'my', 'makeup', 'pill']"
84,"['retinol', 'irritation', 'on', 'my', 'neck', 'and', 'figured']"
85,"['pill', 'like', 'crazy', 'it', 'definitely', 'rip', 'off']"
86,"['this', 'stuff', 'is', 'not']"
87,"['this', 'stuff', 'on', 'religiously', 'also', 'it']"
88,"['over', 'two', 'week', 'and', 'still', 'wake']"
89,"['it', 'claim', 'to', 'be']"
90,"['work', 'yes', 'really', 'well', 'but', 'it', 'basically', 'cerave']"
91,"['it', 'basically', 'cerave', 'you', 'might', 'a', 'well']"
92,"['yes', 'really', 'well', 'but', 'it', 'basically', 'cerave']"
93,"['yes', 'really', 'well', 'but', 'it', 'basically', 'cerave', 'you']"
94,"['just', 'save', 'your', 'money', 'and', 'buy', 'cerave']"
95,"['well', 'but', 'it', 'basically', 'cerave']"
96,"['cerave', 'you']"
97,"['doe', 'it', 'work', 'yes', 'really', 'well', 'but', 'it']"
98,"['doe', 'it', 'work']"
99,"['might', 'a', 'well', 'just', 'save', 'your', 'money', 'and']"
100,"['this', 'is', 'the', 'perfect', 'moisturizer', 'for', 'me']"
101,"['helped', 'restore', 'my', 'skin', 'barrier', 've', 'repurchased', 'serval']"
102,"['ha', 'greatly', 'helped', 'restore', 'my', 'skin', 'barrier', 've']"
103,"['serval', 'time', 'and', 'the', 'product', 'always', 'last', 'me']"
104,"['the', 'way', 'it', 'make', 'my', 'skin', 'feel', 'and']"
105,"['barrier', 've', 'repurchased', 'serval']"
106,"['it', 'ha', 'greatly']"
107,"['and', 'the', 'product']"
108,"['while', 'love', 'it']"
109,"['this', 'is']"
110,"['use', 'this', 'on', 'everything', 'every', 'body', 'part']"
111,"['holy', 'grail', 'use', 'this', 'on', 'everything', 'every', 'body']"
112,"['use', 'this', 'on', 'everything']"
113,"['oil', 'dry', 'skin']"
114,"['skin', 'and', 'immediately', 'see', 'result']"
115,"['skin', 'and']"
116,"['holy', 'grail', 'use', 'this', 'on']"
117,"['use', 'this', 'on']"
118,"['have', 'one', 'in', 'my', 'car', 'in', 'my', 'room']"
119,"['even', 'give']"
120,"['fav', 'for', 'year', 'use', 'the', 'face', 'moisturizer', 'exclusively']"
121,"['moisturizer', 'exclusively', 'and', 'swear', 'by']"
122,"['cleanser', 'tried', 'this', 'moisturizer', 'and', 'it']"
123,"['me', 'feeling', 'not', 'just', 'moisturized', 'but', 'nourished']"
124,"['wonder', 'for', 'my', 'skin', 'am']"
125,"['touch', 'oily', 'in', 'my', 'zone', 'but', 'dry']"
126,"['exclusively', 'and', 'swear', 'by', 'the', 'cleanser']"
127,"['ve', 'been', 'fan', 'of', 'fav']"
128,"['crack', 'this', 'is', 'love', 'for', 'me']"
129,"['any', 'flake']"
130,"['apply', 'other', 'product', 'it', 'peel', 'right', 'off', 'when']"
131,"['peel', 'right', 'off', 'when', 'you', 'touch', 'your', 'face']"
132,"['it', 'very', 'moisturizing', 'and', 'feel', 'great', 'when', 'applying']"
133,"['about', 'month', 'it', 'very', 'moisturizing', 'and', 'feel', 'great']"
134,"['don', 'wait', 'long', 'enough', 'to', 'apply', 'other', 'product']"
135,"['feel', 'great', 'when', 'applying', 'but', 'if', 'you']"
136,"['ive', 'been', 'using', 'this', 'everyday']"
137,"['long', 'enough', 'to', 'apply', 'other']"
138,"['you', 'touch', 'your', 'face']"
139,"['too', 'much', 'or', 'if', 'you', 'you', 'don', 'wait']"
140,"['best', 'moisturizer', 'especially', 'for', 'dry', 'sensitive', 'skin']"
141,"['best', 'moisturizer', 'especially', 'for', 'dry', 'sensitive', 'skin', 'love']"
142,"['best', 'moisturizer', 'especially', 'for', 'dry', 'sensitive']"
143,"['best', 'moisturizer', 'especially', 'for', 'dry']"
144,"['best', 'moisturizer', 'especially', 'for']"
145,"['moisturizer', 'especially', 'for', 'dry', 'sensitive', 'skin']"
146,"['moisturizer', 'especially', 'for', 'dry', 'sensitive', 'skin', 'love', 'that']"
147,"['for', 'dry', 'sensitive', 'skin', 'love', 'that', 'it']"
148,"['scent', 'and', 'keep', 'my', 'skin', 'feeling', 'hydrated', 'and']"
149,"['hydrated', 'and', 'smooth']"
150,"['searching', 'for', 'deeply', 'moisturizing', 'and', 'protective', 'cream']"
151,"['in', 'dry', 'climate', 'she', 'absolutely', 'love', 'this', 'cream']"
152,"['absolutely', 'love', 'this', 'cream', 'for', 'the', 'price']"
153,"['this', 'cream', 'for']"
154,"['protective', 'cream', 'because', 'she', 'life']"
155,"['she', 'said', 'her', 'skin', 'just', 'drink', 'it']"
156,"['it', 'fantastic', 'formula', 'and']"
157,"['this', 'for', 'my', 'mom', 'who', 'ha']"
158,"['large', 'size']"
159,"['going', 'to', 'be', 'slathering', 'this', 'on']"
160,"['my', 'go', 'to', 'moisturizer', 'to', 'use', 'with', 'retinol']"
161,"['cream', 'for', 'sensitive', 'damaged', 'skin']"
162,"['dead', 'skin', 'flake', 'from', 'how', 'much', 'it', 'pilled']"
163,"['how', 'much', 'it', 'pilled', 'during', 'the', 'night']"
164,"['great', 'for', 'my', 'skin', 'when', 'it', 'wa', 'stressed']"
165,"['used', 'it', 'with', 'go', 'to', 'sleep']"
166,"['is', 'good', 'product', 'do', 'recommend', 'people']"
167,"['like', 'my', 'pillow', 'wa', 'covered', 'in', 'dead', 'skin']"
168,"['because', 'really']"
169,"['it', 'on', 'and', 'when']"
170,"['recommend', 'for', 'people', 'with', 'dry', 'to', 'normal', 'skin']"
171,"['this', 'is', 'great', 'everyday', 'moisturizer', 'that', 'is', 'clean']"
172,"['staple', 'in', 'my', 'skin', 'care', 'routine']"
173,"['work', 'for', 'any', 'skin']"
174,"['skin', 'a', 'it', 'is', 'very', 'hydrating']"
175,"['it', 'is', 'very', 'hydrating', 'but', 'it', 'not', 'oily']"
176,"['my', 'skin', 'care', 'routine', 'would']"
177,"['it', 'not', 'oily', 'so', 'could', 'work', 'for', 'any']"
178,"['hydrating', 'staple', 'in']"
179,"['highly', 'recommend', 'for']"
180,"['dry', 'patch', 'and', 'no', 'matter', 'what', 'moisturizer', 'have']"
181,"['that', 'ha', 'helped', 'my', 'skin', 'had', 'dry', 'patch']"
182,"['moisturizer', 'this', 'is', 'the', 'only', 'one', 'that', 'ha']"
183,"['really', 'dry', 'skin', 'and', 'always', 'had', 'difficulty', 'finding']"
184,"['have', 'really', 'dry', 'skin', 'and', 'always']"
185,"['always', 'had', 'difficulty', 'finding', 'the', 'right', 'moisturizer']"
186,"['my', 'holy', 'grail', 'have', 'really', 'dry', 'skin']"
187,"['ha', 'helped', 'my', 'skin']"
188,"['it', 'go', 'away', 'except', 'for', 'this']"
189,"['is', 'my', 'holy', 'grail', 'have', 'really']"
190,"['recommend', 'for', 'moisturizer']"
191,"['wouldn', 'recommend', 'for', 'moisturizer']"
192,"['than', 'before', 'wouldn', 'recommend', 'for', 'moisturizer']"
193,"['more', 'red', 'than', 'before', 'wouldn', 'recommend', 'for', 'moisturizer']"
194,"['skin', 'to', 'burn', 'and', 'break', 'out']"
195,"['it', 'go', 'using', 'it', 'cause', 'my', 'skin', 'to']"
196,"['burn', 'and', 'break', 'out', 'red', 'spot', 'became']"
197,"['this', 'product']"
198,"['product', 'had', 'really', 'review']"
199,"['give', 'it']"
200,"['using', 'this', 'ultra', 'repair', 'cream', 'because', 'my', 'skin']"
201,"['is', 'super', 'creamy', 'hydrating', 'and', 'soothing', 'it', 'is']"
202,"['is', 'instant', 'hydration', 'and', 'helped', 'my', 'dry', 'skin']"
203,"['it', 'doesn', 'feel', 'sticky', 'either', 'it', 'feel', 'amazing']"
204,"['cream', 'because', 'my', 'skin', 'wa', 'very', 'dry']"
205,"['dry', 'skin', 'after', 'the', 'first']"
206,"['very', 'dry', 'and', 'irritated', 'and', 'it', 'is', 'super']"
207,"['this', 'ultra']"
208,"['amazing', 'and', 'would', 'highly', 'recommend']"
209,"['is', 'instant']"
210,"['used', 'this', 'cream', 'few', 'time', 'for', 'my', 'face']"
211,"['work', 'well', 'with', 'my', 'other', 'face', 'treatment']"
212,"['other', 'face', 'treatment', 'it', 'started', 'to', 'pill', 'but']"
213,"['it', 'didn', 'work', 'well', 'with', 'my', 'other', 'face']"
214,"['love', 'it', 'a', 'body', 'cream']"
215,"['for', 'my', 'face', 'but', 'it', 'didn', 'work']"
216,"['to', 'pill', 'but', 'love', 'it', 'a', 'body']"
217,"['my', 'other', 'face']"
218,"['it', 'didn', 'work', 'well', 'with', 'my', 'other']"
219,"['used', 'this']"
220,"['love', 'love', 'love', 'great', 'for', 'hydration', 'for', 'people']"
221,"['who', 'love', 'make', 'up', 'or', 'not']"
222,"['hydration', 'for', 'people', 'who', 'love', 'make', 'up']"
223,"['make', 'up', 'or', 'not', 'this', 'is', 'the', 'power']"
224,"['love', 'love', 'love', 'love', 'great']"
225,"['for', 'people', 'who', 'love', 'make']"
226,"['who', 'love']"
227,"['up', 'or']"
228,"['great', 'for']"
229,"['not', 'this']"
230,"['love', 'this', 'thick', 'hydrating', 'cream', 'it', 'so', 'smooth']"
231,"['love', 'love', 'this', 'thick', 'hydrating', 'cream', 'it']"
232,"['love', 'love', 'love', 'this', 'thick', 'hydrating', 'cream']"
233,"['love', 'this', 'thick', 'hydrating', 'cream']"
234,"['love', 'this', 'thick', 'hydrating', 'cream', 'it', 'so']"
235,"['thick', 'hydrating', 'cream', 'it', 'so', 'smooth', 'and', 'comfortable']"
236,"['cream', 'it', 'so', 'smooth', 'and', 'comfortable', 'on']"
237,"['love', 'love', 'love', 'this', 'thick']"
238,"['so', 'smooth', 'and', 'comfortable']"
239,"['comfortable', 'on', 'the', 'skin']"
240,"['redness', 'no', 'breakout', 'have', 'normal', 'to', 'dry', 'skin']"
241,"['redness', 'no', 'breakout', 'have']"
242,"['breakout', 'have', 'normal', 'to', 'dry', 'skin', 'and', 'thisssss']"
243,"['no', 'breakout', 'have', 'normal', 'to']"
244,"['if', 'have', 'oily', 'skin']"
245,"['breakout', 'have']"
246,"['oily', 'skin', 'best', 'cream', 'ever']"
247,"['skin', 'and', 'thisssss', 'i', 'amazing', 'but', 'do', 'not']"
248,"['redness', 'no']"
249,"['recommend', 'if', 'have']"
250,"['of', 'acne', 'or', 'bump', 'when', 'using', 'this']"
251,"['nicely', 'no', 'sign', 'of', 'acne', 'or', 'bump', 'when']"
252,"['rub', 'on', 'nicely', 'no', 'sign', 'of', 'acne']"
253,"['bump', 'when', 'using', 'this']"
254,"['acne', 'or']"
255,"['amount', 'of', 'moisture', 'and', 'rub', 'on']"
256,"['love', 'this', 'product', 'give', 'great', 'amount', 'of', 'moisture']"
257,"['this', 'product', 'give', 'great', 'amount']"
258,"['rub', 'on', 'nicely', 'no', 'sign']"
259,"['using', 'this']"
260,"['skin', 'and', 'this', 'wa', 'perfect', 'a', 'night', 'cream']"
261,"['have', 'combo', 'skin', 'and', 'this', 'wa', 'perfect']"
262,"['night', 'cream', 'for']"
263,"['body', 'lotion', 'recommend']"
264,"['night', 'this', 'is', 'the', 'best', 'also', 'use', 'it']"
265,"['use', 'it', 'on', 'my', 'dry', 'body', 'a', 'body']"
266,"['needing', 'more', 'hydration', 'at', 'night']"
267,"['have', 'combo']"
268,"['is', 'the', 'best', 'also', 'use']"
269,"['this', 'is']"
270,"['best', 'moisturizer', 've', 'ever', 'used', 'have', 'super', 'dry']"
271,"['is', 'truly', 'the', 'best', 'moisturizer', 've', 'ever', 'used']"
272,"['this', 'is', 'truly', 'the', 'best', 'moisturizer']"
273,"['so', 'many', 'different', 'moisturizers', 'and', 'this', 'is']"
274,"['have', 'tried', 'so', 'many', 'different', 'moisturizers', 'and', 'this']"
275,"['skin', 'and', 'have', 'tried', 'so', 'many', 'different']"
276,"['difference', 'the', 'bottle', 'will', 'last', 'me', 'month', 'and']"
277,"['have', 'never', 'ever', 'found', 'product', 'that', 'worked']"
278,"['is', 'the', 'only', 'one', 'that', 'ha', 'made', 'difference']"
279,"['this', 'is', 'truly']"
280,"['not', 'impressed', 'with', 'this', 'have', 'very', 'dry', 'skin']"
281,"['dry', 'skin', 'and', 'got', 'it', 'to', 'use', 'on']"
282,"['do', 'much', 'for', 'my', 'dry', 'patch']"
283,"['is', 'that', 'when', 'rubbing', 'it', 'in', 'the', 'moisturizer']"
284,"['it', 'to', 'use', 'on', 'my', 'face', 'and', 'it']"
285,"['for', 'too', 'long', 'not', 'horrible', 'product', 'but']"
286,"['huge', 'on', 'the', 'smell']"
287,"['patch', 'nothing', 'to', 'cry', 'home', 'about', 'wasn', 'huge']"
288,"['just', 'okay']"
289,"['of', 'separating', 'or', 'something', 'if']"
290,"['it', 'work', 'really', 'well', 'for', 'my', 'sensitive', 'skin']"
291,"['sensitive', 'skin', 'it', 'not', 'perfect', 'but', 'it', 'work']"
292,"['really', 'well', 'for', 'my', 'sensitive']"
293,"['skin', 'it', 'not', 'perfect', 'but', 'it']"
294,"['it', 'doesn', 'have', 'fragrance', 'and', 'soak', 'in', 'but']"
295,"['skin', 'is', 'still', 'dry', 'after', 'use', 'so', 'mix']"
296,"['my', 'sensitive']"
297,"['mix', 'in', 'little', 'q10', 'or', 'rosehip']"
298,"['not', 'perfect', 'but', 'it', 'work', 'good', 'enough']"
299,"['use', 'so']"
300,"['this', 'repair', 'cream', 'make', 'my', 'skin', 'barrier', 'very']"
301,"['repair', 'cream', 'make', 'my', 'skin', 'barrier', 'very', 'happy']"
302,"['cream', 'make', 'my', 'skin', 'barrier', 'very', 'happy', 'every']"
303,"['something', 'and', 'this', 'repair', 'cream', 'make', 'my', 'skin']"
304,"['this', 'stuff', 'so', 'much', 'my', 'skin', 'wa', 'good']"
305,"['make', 'my', 'skin', 'barrier', 'very', 'happy', 'every', 'night']"
306,"['wa', 'missing', 'something', 'and', 'this', 'repair', 'cream', 'make']"
307,"['love', 'this', 'stuff', 'so', 'much']"
308,"['barrier', 'very', 'happy', 'every', 'night']"
309,"['but', 'it']"
310,"['skin', 'without', 'leaving', 'your', 'face', 'feeling', 'greasy', 'it']"
311,"['greasy', 'it', 'doe', 'burn', 'little', 'when', 'you']"
312,"['week', 'and', 'love', 'it', 'so', 'far', 'it', 'hydrate']"
313,"['it', 'hydrate', 'and', 'moisture', 'skin']"
314,"['it', 'doe', 'burn', 'little', 'when', 'you', 'first', 'apply']"
315,"['have', 'been', 'using', 'this', 'for']"
316,"['go', 'away', 'pretty', 'quickly']"
317,"['it', 'not', 'too', 'bothersome', 'will', 'definitely', 'be', 'purchasing']"
318,"['and', 'it', 'not']"
319,"['you', 'first']"
320,"['my', 'skin', 'barrier', 'so', 'bought', 'this', 'to', 'supplement']"
321,"['product', 'maybe', 'll', 'wait', 'until', 'my', 'skin']"
322,"['my', 'skin', 'felt', 'like', 'it', 'wa', 'burning', 'on']"
323,"['routine', 'to', 'remedy', 'it', 'very', 'thick', 'and', 'moisturizing']"
324,"['burning', 'on', 'first', 'application', 'thought']"
325,"['exfoliating', 'and', 'messed']"
326,"['ha', 'healed', 'to', 'give', 'it', 'another', 'try']"
327,"['it', 'again', 'more', 'time', 'sure', 'it', 'this', 'product']"
328,"['looking', 'forward', 'to', 'using', 'this']"
329,"['nothing', 'of', 'it', 'but']"
330,"['this', 'cream', 'is', 'very', 'lightweight', 'and', 'ha']"
331,"['never', 'had', 'cream', 'that', 'lasted', 'me', 'such']"
332,"['time', 'think', 'this', 'cream', 'would', 'suit', 'summer', 'cuz']"
333,"['whipped', 'texture', 'it', 'smell', 'like', 'oat']"
334,"['cream', 'left', 'this', 'residue', 'which', 'wa', 'clearly', 'due']"
335,"['feel', 'moisturized', 'when', 'washed', 'my', 'face']"
336,"['oat', 'ceramides', 'niacinamide', 'and', 'many', 'silicone']"
337,"['outright', 'hated', 'how', 'it', 'made', 'my', 'skin']"
338,"['hydrating', 'enough', 'used', 'it', 'from', 'september', 'to', 'march']"
339,"['burning', 'sensation', 'for', 'many', 'day']"
340,"['have', 'struggled', 'with', 'finding', 'skin', 'care', 'product', 'that']"
341,"['skin', 'care', 'product', 'that', 'doesn', 'take', 'layer']"
342,"['rosacea', 'flare', 'ups', 'my', 'skin']"
343,"['face', 'cleanser', 'and', 'the', 'ultra', 'repair']"
344,"['product', 'finally', 'pulled', 'the', 'trigger', 'on', 'this', 'moisturizer']"
345,"['moisturizer', 'pair', 'this', 'with', 'the', 'pure', 'skin']"
346,"['the', 'product', 'my', 'dermatologist', 'gave', 'me', 'burned', 'my']"
347,"['wild', 'out', 'hydrating', 'toner', 'and', 'my', 'skin']"
348,"['take', 'layer', 'of', 'my', 'skin', 'off']"
349,"['last', 'for', 'week', 'on', 'top']"
350,"['very', 'soothing', 'and', 'moisturizing', 'smell', 'like', 'medicine', 'tho']"
351,"['very', 'soothing', 'and', 'moisturizing', 'smell', 'like', 'medicine']"
352,"['very', 'soothing', 'and', 'moisturizing', 'smell', 'like']"
353,"['very', 'soothing', 'and', 'moisturizing', 'smell']"
354,"['very', 'soothing', 'and', 'moisturizing']"
355,"['soothing', 'and', 'moisturizing', 'smell', 'like', 'medicine', 'tho']"
356,"['soothing', 'and', 'moisturizing']"
357,"['very', 'soothing', 'and']"
358,"['and', 'moisturizing', 'smell', 'like']"
359,"['like', 'medicine']"
360,"['it', 'help', 'repair', 'my', 'skin', 'and', 'keep', 'it']"
361,"['it', 'help', 'repair', 'my', 'skin', 'and', 'keep']"
362,"['it', 'help', 'repair', 'my', 'skin', 'and']"
363,"['help', 'repair', 'my', 'skin', 'and', 'keep', 'it', 'in']"
364,"['skin', 'and', 'keep', 'it', 'in', 'stable', 'condition', 'when']"
365,"['help', 'repair']"
366,"['is', 'dry', 'or', 'when', 'my', 'skin']"
367,"['condition', 'when', 'the', 'weather', 'is']"
368,"['sensitive', 'didn', 'realise', 'that', 'really', 'need', 'it', 'until']"
369,"['need', 'it', 'until', 'switched', 'to', 'something', 'else']"
370,"['absolutely', 'love', 'this', 'moisturizer', 'it', 'feel', 'so', 'nice']"
371,"['absolutely', 'love', 'this', 'moisturizer', 'it', 'feel', 'so']"
372,"['this', 'moisturizer', 'it', 'feel', 'so', 'nice', 'on', 'my']"
373,"['moisturizer', 'it', 'feel', 'so']"
374,"['it', 'feel', 'so', 'nice', 'on', 'my', 'skin', 'and']"
375,"['my', 'skin', 'and', 'it', 'doesn', 'feel', 'too', 'heavy']"
376,"['it', 'doesn', 'feel', 'too', 'heavy', 'which', 'love']"
377,"['heavy', 'which']"
378,"['absolutely', 'love']"
379,"['it', 'doesn']"
380,"['moisturizer', 'that', 'could', 'clear', 'up', 'my', 'eczema']"
381,"['could', 'clear', 'up', 'my', 'eczema', 'and', 'it']"
382,"['this', 'is', 'the', 'only', 'moisturizer', 'that', 'could', 'clear']"
383,"['good', 'a', 'facial', 'moisturizer', 'too', 'and', 'doesn', 'clog']"
384,"['up', 'my', 'eczema', 'and', 'it', 'did']"
385,"['facial', 'moisturizer', 'too', 'and', 'doesn']"
386,"['doesn', 'clog', 'pore']"
387,"['just', 'few', 'day', 'it', 'really', 'good', 'a', 'facial']"
388,"['could', 'clear', 'up', 'my']"
389,"['it', 'really']"
390,"['thick', 'and', 'creamy', 'yet', 'it', 'doesn', 'feel', 'heavy']"
391,"['creamy', 'yet', 'it', 'doesn', 'feel', 'heavy', 'and', 'doesn']"
392,"['and', 'creamy', 'yet', 'it', 'doesn', 'feel', 'heavy', 'and']"
393,"['so', 'thick', 'and', 'creamy', 'yet', 'it', 'doesn', 'feel']"
394,"['so', 'thick', 'and', 'creamy', 'yet', 'it', 'doesn']"
395,"['heavy', 'and', 'doesn', 'leave', 'you', 'looking', 'like', 'greasy']"
396,"['thick', 'and', 'creamy']"
397,"['doesn', 'leave', 'you', 'looking', 'like', 'greasy', 'mess']"
398,"['and', 'creamy']"
399,"['so', 'thick']"
400,"['really', 'thick', 'and', 'moisturizing', 'and', 'it', 'clean', 'love']"
401,"['thick', 'and', 'moisturizing', 'and', 'it', 'clean', 'love', 'it']"
402,"['really', 'thick', 'and', 'moisturizing', 'and', 'it', 'clean']"
403,"['thick', 'and', 'moisturizing', 'and', 'it', 'clean', 'love']"
404,"['really', 'thick', 'and', 'moisturizing', 'and', 'it']"
405,"['thick', 'and', 'moisturizing', 'and', 'it', 'clean']"
406,"['moisturizing', 'and', 'it', 'clean', 'love', 'it']"
407,"['really', 'thick']"
408,"['clean', 'love', 'it']"
409,"['love', 'it']"
410,"['first', 'application', 'love', 'to', 'use', 'this', 'after', 'swimming']"
411,"['chaffing', 'area', 'use', 'it', 'on', 'my', 'face', 'couple']"
412,"['this', 'after', 'swimming', 'or', 'in', 'chaffing', 'area']"
413,"['on', 'first', 'application']"
414,"['doe', 'the', 'job', 'the', 'on', 'first']"
415,"['area', 'use', 'it', 'on']"
416,"['on', 'my', 'face', 'couple', 'of', 'time', 'month', 'living']"
417,"['use', 'it', 'on']"
418,"['time', 'month', 'living', 'in', 'the', 'desert', 'this', 'stuff']"
419,"['stuff', 'is', 'amazing']"
420,"['oily', 'skin', 'and', 'find', 'that', 'it', 'rich']"
421,"['worth', 'on', 'this', 'stuff', 'have', 'normal', 'to', 'oily']"
422,"['every', 'day', 'twice', 'day', 'since', 'mid', 'january']"
423,"['week', 'worth', 'of', 'product']"
424,"['but', 'not', 'heavy', 'lightly', 'herbally', 'scented', 'didn', 'bother']"
425,"['the', 'normal', '6oz', 'size', 'in']"
426,"['bother', 'my', 'skin', 'might', 'bother', 'yours']"
427,"['product', 'just', 'don', 'leave', 'the', 'lid', 'unscrewed', 'overnight']"
428,"['layer', 'fine', 'with', 'other', 'product', 'just']"
429,"['this', 'stuff', 'have', 'normal', 'to']"
430,"['use', 'retinol', 'every', 'other', 'day', 'and', 'my', 'skin']"
431,"['use', 'retinol']"
432,"['say', 'it', 'good', 'for', 'sensitive', 'skin', 'it', 'still']"
433,"['for', 'sensitive', 'skin', 'it', 'still', 'ended', 'up', 'burning']"
434,"['it', 'say', 'it', 'good', 'for', 'sensitive']"
435,"['my', 'skin', 'ha', 'gotten', 'bit', 'drier', 'from', 'it']"
436,"['drier', 'from', 'it', 'so', 'wanted', 'to', 'try', 'this']"
437,"['skin', 'it', 'still']"
438,"['burning', 'my', 'face', 'so', 'bad', 'that', 'had', 'to']"
439,"['this', 'and', 'even', 'though', 'it', 'say', 'it', 'good']"
440,"['upper', 'arm', 'and', 'this', 'ha', 'made', 'them', 'smoother']"
441,"['hydration', 'a', 'well', 'a', 'texture', 'of', 'my', 'skin']"
442,"['difference', 'in', 'hydration', 'a', 'well', 'a', 'texture']"
443,"['this', 'ha', 'made', 'them', 'smoother', 'than', 'anything', 'else']"
444,"['texture', 'of', 'my', 'skin', 'on', 'my', 'face']"
445,"['have', 'bump', 'on', 'my']"
446,"['on', 'my', 'face', 'and', 'upper', 'arm', 'have']"
447,"['wow', 'what', 'difference']"
448,"['than', 'anything', 'else', 'have', 'tried']"
449,"['and', 'this']"
450,"['moisturizer', 'very', 'thick', 'and', 'will', 'last', 'literally', 'forever']"
451,"['this', 'moisturizer', 'very', 'thick', 'and', 'will', 'last']"
452,"['like', 'this', 'moisturizer', 'very', 'thick', 'and', 'will', 'last']"
453,"['really', 'like', 'this', 'moisturizer']"
454,"['actually', 'huge', 'bottle', 'so', 'it', 'will', 'last', 'age']"
455,"['really', 'like', 'this', 'moisturizer', 'very', 'thick', 'and', 'will']"
456,"['very', 'thick', 'and', 'will', 'last', 'literally', 'forever', 'it']"
457,"['will', 'last', 'age']"
458,"['last', 'literally', 'forever']"
459,"['really', 'like', 'this']"
460,"['stuff', 'is', 'great', 'especially', 'if', 'you', 're', 'eczema']"
461,"['is', 'great', 'especially', 'if', 'you', 're', 'eczema', 'prone']"
462,"['eczema', 'prone', 'like', 'me', 'will', 'continue', 'to', 'repurchase']"
463,"['if', 'you', 're', 'eczema', 'prone', 'like', 'me', 'will']"
464,"['especially', 'if', 'you', 're', 'eczema']"
465,"['re', 'eczema']"
466,"['this', 'stuff', 'is', 'great']"
467,"['prone', 'like', 'me', 'will', 'continue', 'to', 'repurchase', 'this']"
468,"['is', 'great', 'especially', 'if', 'you', 're']"
469,"['if', 'you']"
470,"['never', 'really', 'had', 'issue', 'with', 'acne', 'until', 'using']"
471,"['skin', 'or', 'don', 'want', 'to', 'deal', 'with', 'breakout']"
472,"['if', 'you', 'have', 'acne', 'prone', 'skin']"
473,"['scar', 'easily', 'you', 'can', 'get', 'better', 'moisturizers']"
474,"['with', 'breakout', 'stay', 'away', 'never', 'really', 'had', 'issue']"
475,"['get', 'better', 'moisturizers', 'that', 'don', 'break', 'you', 'out']"
476,"['took', 'me', 'month', 'to', 'get', 'my', 'skin', 'back']"
477,"['using', 'this', 'product', 'it']"
478,"['stay', 'away', 'never']"
479,"['can', 'get']"
480,"['it', 'only', 'my', 'second', 'favorite', 'moisturizing', 'cream', 'but']"
481,"['fab', 'their', 'oatmeal', 'mask', 'is']"
482,"['still', 'creamy', 'texture', 'and', 'it', 'excellent', 'bang', 'for']"
483,"['concept', 'behind', 'fab']"
484,"['have', 'been', 'discontinued']"
485,"['holy', 'grail', 'product', 'that', 'never', 'travel', 'without', 'think']"
486,"['deliver', 'when', 'it', 'come', 'to', 'moisture']"
487,"['star', 'loved', 'the', 'slightly', 'whipped', 'but', 'still']"
488,"['it', 'excellent', 'bang', 'for', 'your', 'buck']"
489,"['when', 'it']"
490,"['love', 'this', 'moisturizer', 'mean', 'would', 'date', 'my', 'ex']"
491,"['when', 'say', 'love', 'this', 'moisturizer']"
492,"['best', 'use', 'it', 'at', 'night', 'with', 'other', 'serum']"
493,"['skin', 'overnight', 'literally', 'obsessed', 'it', 'make', 'my']"
494,"['moisturizer', 'mean']"
495,"['this', 'product', 'that', 'smooth', 'and', 'hydrate', 'my', 'skin']"
496,"['damage', 'on', 'my', 'skin', 'love']"
497,"['acne', 'scar', 'look', 'so', 'much', 'better', 'and', 'heals']"
498,"['ex', 'again', 'for', 'it', 'it', 'the', 'best', 'use']"
499,"['that', 'it', 'is']"
500,"['about', 'my', 'skin', 'combo', 'oily', 'acne', 'prone']"
501,"['breakout', 'my', 'skincare', 'consists', 'of', 'aha']"
502,"['moisturizer', 'dependent', 'on', 'heat', 'humidity', 'and', 'never', 'breakout']"
503,"['use', 'this', 'on', 'my', 'face', 'wham', 'pimple', 'll']"
504,"['out', 'of', 'my', 'lineup', 'of', 'regular', 'moisturizers']"
505,"['night', 'typically', 'use', 'the', 'inky', 'list', 'peptide', 'moisturizer']"
506,"['every', 'single', 'time', 'use', 'it', 'breakout']"
507,"['cosmetic', 'secret', 'sauce', 'or', 'the', 'glow', 'recipe', 'watermelon']"
508,"['week', 'and', 'vitamin', 'the']"
509,"['overpriced', 'and', 'not', 'worth']"
510,"['love', 'this', 'cream', 'my', 'face', 'get', 'extremely', 'dry']"
511,"['sensitive', 'skin', 'and', 'this', 'cream']"
512,"['long', 'feel', 'dry', 'and', 'my', 'skin', 'doesn', 'peel']"
513,"['not', 'irritate', 'my', 'skin', 'my', 'face', 'no']"
514,"['skin', 'use', 'to', 'peel', 'because']"
515,"['get', 'out', 'of', 'the', 'shower']"
516,"['everyday', 'and', 'it', 'helped']"
517,"['lot', 'also', 'have', 'sensitive']"
518,"['love', 'love', 'love']"
519,"['when', 'get']"
520,"['the', 'only', 'thing', 'to', 'help', 'my', 'eczema']"
521,"['only', 'thing', 'to', 'help', 'my', 'eczema']"
522,"['and', 'the', 'only', 'thing', 'to', 'help', 'my', 'eczema']"
523,"['thing', 'to', 'help', 'my', 'eczema']"
524,"['to', 'help', 'my', 'eczema']"
525,"['my', 'eczema']"
526,"['holy', 'grail', 'and', 'the', 'only', 'thing', 'to', 'help']"
527,"['my', 'holy', 'grail', 'and']"
528,"['only', 'thing', 'to']"
529,"['and', 'the']"
530,"['this', 'moisturizer', 'ha', 'been', 'life', 'saver', 'the', 'tube']"
531,"['cold', 'month', 'and', 'this', 'moisturizer', 'ha', 'been', 'life']"
532,"['during', 'the', 'cold', 'month', 'and', 'this', 'moisturizer', 'ha']"
533,"['skin', 'get', 'super', 'dry', 'during', 'the', 'cold', 'month']"
534,"['month', 'and', 'this', 'moisturizer']"
535,"['tube', 'is', 'big', 'enough', 'to', 'last', 'me', 'year']"
536,"['super', 'dry']"
537,"['my', 'skin']"
538,"['to', 'last', 'me', 'year', 'for', 'that', 'price', 'it']"
539,"['get', 'super']"
540,"['staple', 'in', 'my', 'skincare', 'this', 'is', 'the', 'best']"
541,"['staple', 'in', 'my', 'skincare']"
542,"['in', 'my', 'skincare']"
543,"['moisturized', 'skin']"
544,"['my', 'skincare', 'this', 'is', 'the', 'best', 'purchase', 'leaving']"
545,"['staple', 'in', 'my']"
546,"['glowing', 'soft', 'moisturized']"
547,"['the', 'best', 'purchase']"
548,"['me', 'with', 'glowing']"
549,"['in', 'my']"
550,"['this', 'moisturizer', 'isn', 'anything', 'special', 'in', 'my', 'opinion']"
551,"['face', 'started', 'pilling', 'usually', 'don', 'do', 'review']"
552,"['my', 'sunscreen', 'or', 'other', 'product', 'but', 'put']"
553,"['it', 'also', 'pill', 'which', 'is', 'strange']"
554,"['it', 'on', 'by', 'itself', 'and', 'my', 'face']"
555,"['burn', 'like', 'really', 'bad', 'which', 'ha', 'never', 'happened']"
556,"['my', 'opinion', 'but', 'the', 'con']"
557,"['really', 'bad']"
558,"['it', 'is']"
559,"['before', 'and']"
560,"['reviewed', 'this', 'yet', 've', 'been', 'using', 'this', 'moisturizer']"
561,"['moisturizer', 've', 'ever', 'used', 'have', 'dry', 'rosacea']"
562,"['dry', 'skin', 'and', 'redness', 'use']"
563,"['redness', 'use', 'this', 'over', 'josie', 'maran', 'argan', 'milk']"
564,"['it', 'absorbs', 'wonderfully', 'and', 'doesn', 'pill', 'with', 'anything']"
565,"['over', 'serum', 'under', 'spf', 'and']"
566,"['makeup', 'and', 've', 'never', 'had', 'an', 'issue']"
567,"['rosacea', 'prone']"
568,"['since', '2009', 'and', 'it', 'seriously']"
569,"['it', 'will', 'change', 'your', 'life']"
570,"['best', 'moisturizers', 'have', 'ever', 'used', 'the', 'texture', 'is']"
571,"['of', 'the', 'best', 'moisturizers', 'have', 'ever', 'used', 'the']"
572,"['one', 'of', 'the', 'best', 'moisturizers']"
573,"['moisturizers', 'have']"
574,"['oily', 'skin']"
575,"['skin', 'and', 'it', 'wa', 'not', 'too', 'much', 'for']"
576,"['is', 'wonderful', 'and', 'have', 'not', 'come', 'across', 'anything']"
577,"['have', 'ever', 'used']"
578,"['one', 'of', 'the']"
579,"['not', 'too', 'much', 'for', 'me']"
580,"['doesnt', 'even', 'burn', 'when', 'put', 'my', 'tretinoin', 'on']"
581,"['recently', 'changed', 'their', 'formula', 'and', 'now', 'it', 'burn']"
582,"['ultra', 'repair', 'cream', 'for', 'over', 'year']"
583,"['put', 'this', 'on', 'it', 'burn']"
584,"['it', 'doesnt', 'even', 'burn']"
585,"['cream', 'for']"
586,"['ve', 'used', 'the', 'ultra']"
587,"['it', 'doesnt', 'even']"
588,"['for', 'over', 'year', 'and', 'they', 'recently']"
589,"['but', 'the', 'second']"
590,"['use', 'it', 'now', 'for', 'my', 'eczema']"
591,"['for', 'night', 'cream', 'or', 'light', 'for', 'day', 'use']"
592,"['can', 'make', 'it', 'thick', 'for', 'night', 'cream', 'or']"
593,"['use', 'to', 'use', 'it', 'for', 'my', 'face', 'few']"
594,"['eczema', 'patch', 'that', 'get', 'in', 'my', 'chest']"
595,"['chest', 'and', 'body', 'work', 'great', 'it', 'super', 'hydrating']"
596,"['hey', 'exfoliating']"
597,"['face', 'few', 'year', 'ago', 'and', 'worked', 'great']"
598,"['light', 'for', 'day', 'use']"
599,"['work', 'great', 'it', 'super']"
600,"['extremely', 'moisturizing', 'great', 'for', 'winter', 'but', 'little', 'greasy']"
601,"['extremely', 'moisturizing', 'great', 'for']"
602,"['extremely', 'moisturizing', 'great', 'for', 'winter']"
603,"['for', 'winter', 'but', 'little', 'greasy', 'for', 'summer']"
604,"['greasy', 'for', 'summer', 'can', 'be', 'used', 'on', 'irritated']"
605,"['used', 'on', 'irritated', 'skin']"
606,"['little', 'greasy', 'for']"
607,"['for', 'summer', 'can', 'be', 'used', 'on']"
608,"['great', 'for', 'winter']"
609,"['used', 'on']"
610,"['many', 'moisturizers', 'and', 'this', 'one', 'is', 'magical', 'for']"
611,"['layer', 'makeup', 'nicely', 'it', 'doesn', 'have', 'smell']"
612,"['have', 'tried', 'so', 'many', 'moisturizers', 'and']"
613,"['dry', 'and', 'very', 'sensitive', 'skin', 'it', 'just', 'thick']"
614,"['allows', 'you', 'to', 'layer', 'makeup']"
615,"['just', 'thick', 'enough', 'but', 'allows', 'you', 'to']"
616,"['product', 'changed', 'my', 'life', 'have']"
617,"['is', 'just', 'want', 'wa', 'looking', 'for', 'highly', 'recommend']"
618,"['you', 'to']"
619,"['it', 'doesn']"
620,"['pilling', 'off', 'of', 'my', 'skin', 'within', '30', 'minute']"
621,"['when', 'stopped', 'using', 'the', 'moisturizer', 'the', 'consistency', 'of']"
622,"['it', 'oily', 'in', 'the', 'slightest', 'cerave', 'ha']"
623,"['my', 'skin', 'care', 'routine']"
624,"['product', 'off', 'of', 'my', 'skin', 'with', 'napkin']"
625,"['paired', 'it', 'with', 'primer', 'and', 'skin', 'tint', 'in']"
626,"['put', 'it', 'on', 'before', 'makeup']"
627,"['it', 'make', 'your', 'skin', 'feel', 'really', 'good']"
628,"['certain', 'product', 'with', 'it', 'etc', 'none', 'worked']"
629,"['been', 'my', 'holy', 'grail', 'for', 'year', 'and', 'just']"
630,"['moisturizer', 'would', 'say', 'it', 'slightly', 'on', 'the', 'heavy']"
631,"['combo', 'skin', 'have', 'been', 'buying', 'this', 'for', 'year']"
632,"['amazing', 'and', 'calming', 'for', 'my', 'very', 'dry', 'skin']"
633,"['love', 'fab', 'product']"
634,"['the', 'heavy', 'side', 'but', 'not', 'unusable', 'for']"
635,"['any', 'issue', 'with', 'it', 'and', 'decent', 'price']"
636,"['what', 'it', 'is', 'and', 'how', 'much', 'you']"
637,"['is', 'my', 'holy', 'grail']"
638,"['unusable', 'for', 'normal', 'or', 'combo']"
639,"['squalane', 'and', 'marula', 'to', 'it', 'it', 'really']"
640,"['this', 'stuff', 'is', 'incredible', 've', 'suffered', 'from', 'keratosis']"
641,"['nothing', 'ha', 'helped', 'smooth', 'out', 'my', 'arm', 'like']"
642,"['keratosis', 'pilaris']"
643,"['makeup', 'tends', 'to', 'pill', 'if', 'you', 'had', 'kp']"
644,"['recommend', 'this', 'a', 'day', 'cream', 'if', 'you', 'wear']"
645,"['if', 'you', 'had', 'kp', 'give', 'this', 'try']"
646,"['pilaris', 'my']"
647,"['for', 'my', 'face', 'and', 'love', 'it', 'do']"
648,"['am', 'amazed', 'also', 'use', 'it', 'a', 'my']"
649,"['this', 'stuff']"
650,"['my', 'late', 'sixty', 'and', 'have', 'very', 'dry', 'skin']"
651,"['dry', 'skin', 'also']"
652,"['skin', 'from', 'drying', 'out', 'it', 'doe', 'not', 'slough']"
653,"['the', 'only', 'product', 'that', 'keep', 'my', 'parched', 'skin']"
654,"['skin', 'also', 'live', 'in', 'dry', 'climate', 'this']"
655,"['make', 'up', 'have', 'tried', 'many', 'product', 'and', 'this']"
656,"['not', 'slough', 'off', 'when', 'put', 'on', 'make', 'up']"
657,"['skin', 'from']"
658,"['climate', 'this', 'is', 'the', 'only', 'product', 'that', 'keep']"
659,"['love', 'it']"
660,"['reformulated', 'to', 'include', 'essential', 'oil', 'this', 'product']"
661,"['fragrance', 'free', 'so', 'disappointed', 'if', 'you', 'have', 'rosacea']"
662,"['because', 'it', 'no', 'longer', 'fragrance', 'free', 'so', 'disappointed']"
663,"['oil', 'this', 'product', 'is', 'no', 'longer', 'safe', 'for']"
664,"['longer', 'safe', 'for', 'my', 'super', 'sensitive', 'rosacea', 'prone']"
665,"['why', 'did', 'this', 'have', 'to', 'be', 'reformulated', 'to']"
666,"['skin', 'be', 'cautious', 'using', 'this']"
667,"['ve', 'been', 'purchasing', 'this', 'product', 'for']"
668,"['tub', 'of', 'it', 'won', 'be', 'able', 'to', 'use']"
669,"['very', 'sensitive']"
670,"['fair', 'skin', 'and', 'dry', 'out', 'pretty', 'quickly']"
671,"['being', 'very', 'diligent', 'in', 'applying', 'moisturizer', 'always', 'peel']"
672,"['pretty', 'quickly', 'this', 'doe', 'very', 'great', 'job', 'moisturizer']"
673,"['this', 'doe', 'very', 'great', 'job', 'moisturizer', 'my', 'skin']"
674,"['sunburn', 'and', 'used', 'this', 'lotion']"
675,"['surprise', 'didn', 'peel', 'definitely', 'love', 'this', 'product']"
676,"['my', 'skin']"
677,"['pretty', 'fair']"
678,"['being', 'very', 'diligent', 'in']"
679,"['last', 'weekend']"
680,"['product', 'work', 'great', 'for', 'me', 'have', 'normal', 'skin']"
681,"['skin', 'and', 'it', 'great', 'for', 'both', 'night', 'time']"
682,"['normal', 'skin', 'and', 'it', 'great']"
683,"['day', 'time', 'layered', 'with', 'an', 'spf', 'will', 'be']"
684,"['it', 'so', 'cost', 'effective', 'and', 'the', 'product', 'work']"
685,"['it', 'great', 'for', 'both', 'night']"
686,"['how', 'much', 'love', 'this', 'it', 'so', 'cost']"
687,"['the', 'product']"
688,"['me', 'have']"
689,"['be', 'reordering', 'for', 'sure']"
690,"['skin', 'soft', 'this', 'product', 'is', 'not', 'for', 'sensitive']"
691,"['did', 'leave', 'my', 'skin', 'soft', 'this', 'product']"
692,"['the', 'cream', 'gave', 'my', 'skin', 'and', 'almost', 'burning']"
693,"['moisturize', 'my', 'skin']"
694,"['sensation', 'and', 'my', 'face']"
695,"['face', 'would', 'turn', 'blotchy']"
696,"['when', 'did', 'wa', 'excited', 'to', 'try', 'it']"
697,"['this', 'product', 'is', 'not']"
698,"['wanting', 'to', 'purchase', 'this', 'item', 'for', 'year']"
699,"['tried', 'it']"
700,"['eucalyptus', 'oil', 'just', 'ruin', 'the', 'whole', 'moisturizer']"
701,"['repair', 'cream', 'it', 'nicely', 'hydrating', 'moisturizer']"
702,"['understand', 'why', 'fab', 'market', 'this', 'a', 'repair', 'cream']"
703,"['reading', 'sephora', 'review', 'please', 'remove', 'the', 'eucalyptus']"
704,"['decided', 'to', 'stop', 'using', 'it', 'first', 'aid', 'beauty']"
705,"['sensitized', 'and', 'my', 'product', 'have', 'started', 'to', 'sting']"
706,"['sephora', 'review', 'please']"
707,"['bc', 'wa', 'also', 'exfoliating']"
708,"['the', 'job', 'done', 'but', 'the', 'inclusion']"
709,"['any', 'chance', 'you', 're']"
710,"['this', 'is', '10', '10', 'prefer', 'the', 'bottle', 'formulation']"
711,"['formulation', 'over', 'the', 'tub']"
712,"['tub', 'suffer', 'from', 'severe', 'eczema', 'and', 'dry', 'patch']"
713,"['absolutely', 'fabulous', 'for', 'dry', 'sensitive', 'skin', 've']"
714,"['literally', 'healed', 'it', 'in', 'le', 'than']"
715,"['the', 'bottle']"
716,"['10', '10']"
717,"['eye', 'and', 'cheek', 'and', 'this']"
718,"['tried', 'it', 'all', 'and', 'this', 'ha', 'to', 'be']"
719,"['be', 'the', 'best']"
720,"['the', 'best', 'moisturizer', 've', 'ever', 'used']"
721,"['ever', 'used', 'help', 'soothe', 'my', 'acne', 'and', 'moisturizes']"
722,"['help', 'soothe', 'my', 'acne', 'and', 'moisturizes', 'me']"
723,"['moisturizes', 'me', 'without', 'feeling', 'heavy', 'perfect', 'for', 'your']"
724,"['moisturizer', 've', 'ever', 'used', 'help', 'soothe', 'my']"
725,"['for', 'your', 'hand', 'a', 'well', 'couldn', 'recommend']"
726,"['feeling', 'heavy', 'perfect', 'for', 'your', 'hand', 'a']"
727,"['ve', 'ever', 'used']"
728,"['the', 'best']"
729,"['literally', 'the']"
730,"['helped', 'texture', 'and', 'hydration', 'noticeable', 'difference', 'after', 'day']"
731,"['awesome', 'helped', 'texture', 'and', 'hydration', 'noticeable']"
732,"['awesome', 'helped', 'texture', 'and', 'hydration', 'noticeable', 'difference', 'after']"
733,"['helped', 'texture', 'and', 'hydration', 'noticeable', 'difference']"
734,"['helped', 'texture', 'and', 'hydration', 'noticeable']"
735,"['helped', 'texture', 'and', 'hydration']"
736,"['texture', 'and', 'hydration']"
737,"['awesome', 'helped', 'texture', 'and']"
738,"['noticeable', 'difference']"
739,"['difference', 'after']"
740,"['oil', 'of', 'olay', 'at', 'least', 'my', 'skin', 'not']"
741,"['it', 'just', 'the', 'wrong', 'product', 'for', 'my', 'skin']"
742,"['skin', 'not', 'tight', 'with', 'their', 'product']"
743,"['sephora', 'expert', 'for', 'me', 'told']"
744,"['not', 'the', 'product', 'fault', 'but', 'this']"
745,"['dry', 'skin', 'and', 'my', 'age']"
746,"['she', 'recommended', 'this', 'product', 'it', 'just', 'the', 'wrong']"
747,"['dryer', 'and', 'feeling', 'parched', 'll', 'just', 'go', 'back']"
748,"['for', 'me', 'told', 'her', 'had', 'very', 'dry', 'skin']"
749,"['me', 'told']"
750,"['cream', 've', 'ever', 'used', 'a', 'far', 'a', 'feel']"
751,"['how', 'incredibly', 'good', 'it', 'feel', 'on', 'my', 'hand']"
752,"['one', 'of', 'the', 'best', 'cream']"
753,"['it', 'hydrated', 'my', 'skin', 'all', 'that', 'much']"
754,"['on', 'all', 'of', 'my', 'lotion', 'etc', 'post', 'shower']"
755,"['nice', 'a', 'top', 'coat', 'don', 'think', 'it', 'hydrated']"
756,"['do', 'this', 'because', 'it', 'feel', 'so', 'nice']"
757,"['for', 'super', 'long', 'time', 'just', 'use', 'it', 'for']"
758,"['all', 'that', 'much', 'however', 'nor', 'doe', 'it', 'last']"
759,"['after', 've']"
760,"['been', 'using', 'this', 'a', 'night', 'time', 'moisturizer', 'feel']"
761,"['is', 'moisturize', 'occlude']"
762,"['it', 'just', 'plain', 'moisturizer', 'with', 'no', 'frill']"
763,"['oatmeal', 'seems', 'to', 'soften', 'heal', 'blemish', 'mark', 'but']"
764,"['great', 'on', 'the', 'skin', 'very', 'nice', 'ingredient', 'list']"
765,"['occlude', 'and', 'the', 'colloidal', 'oatmeal']"
766,"['formula', 'doesn', 'smell', 'and', 'doesn', 'sweat', 'out', 'like']"
767,"['expensive', 'than', 'most', 'other', 'brand', 'of']"
768,"['have', 'tried', 'and', 'is', 'significantly', 'le']"
769,"['is', 'that', 'it', 'just', 'isn']"
770,"['can', 'finish', 'this', 'it', 'smell', 'like', 'vomit', 'and']"
771,"['it', 'clean', 'my', 'combination', 'skin', 'really', 'wanted']"
772,"['weird', 'waxy', 'coating', 'would', 'not', 'purchase', 'this', 'and']"
773,"['for', 'real', 'can', 'emphasize', 'how', 'bad', 'it', 'smell']"
774,"['the', 'tube', 'the', 'sample', 'size', 'wa', 'fairly', 'decent']"
775,"['this', 'a', 'sample', 'because', 'don', 'think', 'can', 'finish']"
776,"['it', 'on', 'my', 'face', 'and', 'made', 'it', 'through']"
777,"['purchase', 'this', 'and', 'for', 'real', 'can', 'emphasize', 'how']"
778,"['chance', 'slightly', 'holding', 'my', 'breath']"
779,"['notice', 'any', 'result']"
780,"['daily', 'moisturizer']"
781,"['moisturizer', 'live', 'in', 'very', 'dry', 'state', 'this']"
782,"['this', 'is', 'very', 'moisturizing', 'and', 'gentle', 'it', 'is']"
783,"['dry', 'state', 'this', 'is']"
784,"['greasy', 'very', 'great', 'product', 'for', 'the', 'price', 'no']"
785,"['your', 'make', 'up', 'to', 'get', 'the', 'hydration']"
786,"['is', 'my', 'go', 'to', 'daily']"
787,"['it', 'is', 'great', 'to', 'use', 'during']"
788,"['no', 'frill', 'just', 'you', 'get', 'what', 'is']"
789,"['what', 'is', 'advertised']"
790,"['this', 'stuff', 'literally', 'saved', 'my', 'skin', 'had', 'horrible']"
791,"['this', 'helped', 'clear', 'it', 'up', 'no', 'irritating', 'fragrance']"
792,"['fragrance', 'and', 'make', 'your', 'skin']"
793,"['perioral', 'dermatitis', 'around', 'my', 'nose', 'and', 'this', 'helped']"
794,"['nose', 'and', 'this', 'helped', 'clear', 'it', 'up', 'no']"
795,"['make', 'your', 'skin', 'look', 'baby', 'smooth']"
796,"['this', 'stuff']"
797,"['helped', 'clear']"
798,"['make', 'your']"
799,"['up', 'no']"
800,"['have', 'combo', 'dry', 'sensitive', 'skin', 'with', 'occasional', 'perioral']"
801,"['dermatitis', 'wanted', 'something', 'thicker', 'than', 'lotion', 'so', 'tried']"
802,"['moisturizing', 'than', 'my', 'previous', 'lotion', 'buy', 'again']"
803,"['lotion', 'buy', 'again', 'when', 'my', 'eczema', 'is', 'tamed']"
804,"['moisturizing', 'cream', 'mixed', 'with']"
805,"['skintype', 'like', 'mine', 'suggest', 'just', 'using', 'cheaper', 'moisturizing']"
806,"['on', 'your', 'face', 'this', 'is', 'great', 'moisturizer', 'but']"
807,"['wash', 'my', 'face', 'use', 'ha', 'serum', 'then', 'this']"
808,"['inflamed', 'skin', 'open', 'wound', 'on', 'your', 'face', 'this']"
809,"['have', 'the', 'condition', 'around', 'my', 'mouth', 'this', 'sting']"
810,"['good', 'consistency', 'doesn', 'irritate', 'my', 'sensitive', 'skin', 'but']"
811,"['pilling', 'is', 'horrible', 'you', 'can', 'layer', 'this', 'with']"
812,"['sensitive', 'skin', 'but', 'my', 'god', 'the', 'pilling', 'is']"
813,"['good', 'consistency']"
814,"['moisturize', 'a', 'much', 'a', 'thought', 'it', 'would', 'given']"
815,"['feel', 'layer']"
816,"['how', 'thick', 'it', 'is', 'returning']"
817,"['this', 'sitting', 'on', 'top']"
818,"['this', 'with', 'anything']"
819,"['horrible', 'you']"
820,"['this', 'profuct', 'got', 'on', 'sale', 'for', 'black', 'friday']"
821,"['love', 'this', 'profuct', 'got', 'on', 'sale', 'for', 'black']"
822,"['sale', 'definitely', 'recommend']"
823,"['black', 'friday', 'better', 'product', 'for', 'price', 'but', 'if']"
824,"['definitely', 'recommend']"
825,"['if', 'you', 'can', 'get', 'on', 'sale', 'definitely']"
826,"['friday', 'better', 'product', 'for']"
827,"['better', 'product', 'for', 'price', 'but', 'if', 'you', 'can']"
828,"['love', 'this', 'profuct']"
829,"['got', 'on']"
830,"['this', 'is', 'the', 'worst', 'cream', 'have', 'ever', 'used']"
831,"['cream', 'have', 'ever', 'used', 'it', 'irritates', 'my', 'skin']"
832,"['cream', 'have', 'ever', 'used', 'it']"
833,"['stick', 'to', 'kiehls', 'and', 'clinique']"
834,"['used', 'it', 'irritates', 'my', 'skin', 'and', 'doesn', 'provide']"
835,"['my', 'skin', 'and', 'doesn', 'provide', 'any', 'moisture', 'even']"
836,"['it', 'very', 'thick', 'll', 'stick', 'to']"
837,"['have', 'ever']"
838,"['even', 'though', 'it', 'very']"
839,"['this', 'is']"
840,"['love', 'it', 'it', 'so', 'hydrating', 'would', 'definitely', 'recommend']"
841,"['so', 'hydrating', 'would', 'definitely', 'recommend', 'have', 'combination', 'skin']"
842,"['recommend', 'have', 'combination', 'skin']"
843,"['it', 'it', 'so', 'hydrating', 'would', 'definitely', 'recommend', 'have']"
844,"['skin', 'but', 'it', 'never', 'gave', 'me', 'any', 'break']"
845,"['it', 'never', 'gave', 'me', 'any', 'break', 'out']"
846,"['would', 'definitely', 'recommend']"
847,"['would', 'definitely', 'recommend', 'have', 'combination']"
848,"['love', 'it', 'it']"
849,"['gave', 'me']"
850,"['love', 'this', 'product', 'a', 'have', 'super', 'dry', 'skin']"
851,"['pill', 'extremely', 'under', 'any', 'makeup', 'and', 'sunscreen', 'put']"
852,"['product', 'star', 'is', 'that', 'this', 'product', 'pill', 'extremely']"
853,"['skin', 'especially', 'in', 'my', 'zone']"
854,"['sunscreen', 'put', 'on', 'top', 'this', 'is', 'why', 'only']"
855,"['night', 'and', 'it', 'work', 'for']"
856,"['back', 'from', 'giving', 'this', 'product']"
857,"['in', 'my', 'zone', 'my', 'only', 'negative', 'comment', 'that']"
858,"['top', 'this', 'is', 'why', 'only', 'wear', 'it', 'at']"
859,"['love', 'love', 'love']"
860,"['overall', 'very', 'happy', 'with', 'it', 'am', 'not', 'acne']"
861,"['moisturizer', 'due', 'to', 'price', 'this', 'is']"
862,"['had', 'to', 'switch', 'from', 'my', 'last', 'moisturizer', 'due']"
863,"['redness', 'in', 'my', 'check', 'than', 'the', 'last', 'moisturizer']"
864,"['into', 'my', 'skin', 'well', 'but', 'it', 'is']"
865,"['texture', 'doesn', 'feel', 'like', 'it', 'sink']"
866,"['the', 'tiniest', 'white', 'head', 'below', 'my', 'lip']"
867,"['is', 'widely', 'recommended', 'by', 'so', 'many', 'people']"
868,"['on', 'the', 'first', 'day', 'used', 'it']"
869,"['is', 'doing', 'better', 'taking']"
870,"['wanting', 'this', 'moisturizer', 'so', 'bad', 'and', 'when']"
871,"['fact', 'didn', 'like', 'it', 'a', 'body', 'moisturizer', 'either']"
872,"['moisturizing', 'a']"
873,"['know', 'that', 'fab', 'ha', 'other', 'amazing', 'product']"
874,"['friday', 'wa', 'ecstatic', 'unfortunately', 'it', 'wasn', 'a', 'moisturizing']"
875,"['it', 'on', 'sale', 'for', 'black', 'friday', 'wa', 'ecstatic']"
876,"['have', 'it', 'although', 'know', 'some', 'people', 'who', 'love']"
877,"['like', 'it', 'a', 'body']"
878,"['so', 'bad']"
879,"['continue', 'to', 'use']"
880,"['happy', 'with', 'first', 'aid', 'beauty', 'product', 'good', 'quality']"
881,"['am', 'consistently', 'happy', 'with', 'first', 'aid', 'beauty', 'product']"
882,"['happy', 'with', 'first', 'aid', 'beauty', 'product', 'good']"
883,"['first', 'aid', 'beauty', 'product', 'good', 'quality']"
884,"['first', 'aid', 'beauty', 'product', 'good', 'quality', 'doe', 'the']"
885,"['first', 'aid', 'beauty', 'product', 'good']"
886,"['aid', 'beauty', 'product', 'good', 'quality', 'doe', 'the', 'job']"
887,"['product', 'good', 'quality', 'doe', 'the', 'job']"
888,"['am', 'consistently', 'happy', 'with', 'first']"
889,"['doe', 'the', 'job']"
890,"['ve', 'never', 'tried', 'higher', 'end', 'face', 'cream']"
891,"['higher', 'end', 'face', 'cream']"
892,"['tried', 'higher', 'end', 'face', 'cream', 've', 'always', 'used']"
893,"['face', 'cream', 've', 'always', 'used', 'cerave']"
894,"['end', 'face', 'cream']"
895,"['worth', 'it', 'it', 'feel', 'luxurious', 'my', 'skin']"
896,"['cerave', 'wow', 'this', 'is', 'so', 'worth', 'it', 'it']"
897,"['my', 'skin', 'feel', 'hydrated', 'absolutely', 'no', 'irritation']"
898,"['higher', 'end']"
899,"['continue', 'to', 'repurchase']"
900,"['it', 'work', 'fine', 'a', 'moisturizer', 'on', 'my', 'arm']"
901,"['doesn', 'work', 'well', 'for', 'my', 'skin', 'it', 'burn']"
902,"['other', 'face', 'moisturizers']"
903,"['the', 'price', 'for', '6oz', 'of', 'product', 'unfortunately', 'it']"
904,"['skincare', 'routine', 'and', 'pill', 'when']"
905,"['burn', 'when', 'put', 'it', 'on', 'after', 'my', 'skincare']"
906,"['for', 'my', 'skin', 'it']"
907,"['of', 'product', 'unfortunately', 'it', 'doesn', 'work', 'well', 'for']"
908,"['makeup', 'my', 'other', 'face']"
909,"['when', 'found', 'this']"
910,"['love', 'this', 'face', 'cream', 'tried', 'kiehls', 'for', 'few']"
911,"['serum', 'and', 'my', 'makeup', 'look', 'beautiful', 'have', 'sensitive']"
912,"['repair', 'cream', 'in', 'hope', 'that', 'it', 'would', 'help']"
913,"['people', 'triple', 'peptide', 'cactus', 'hydrating', 'firming', 'oasis', 'serum']"
914,"['combo', 'skin', 'and', 've', 'had', 'no', 'bad']"
915,"['redness', 'and', 'capillary', 'on', 'my']"
916,"['purchasing', 'this', 'ultra', 'repair']"
917,"['no', 'bad', 'reaction', 'to']"
918,"['the', 'scent']"
919,"['difference', 'normally', 'wear', 'this', 'over', 'youth', 'to', 'the']"
920,"['dry', 'and', 'sensitive', 'skin', 'this', 'moisturizer', 'is', 'very']"
921,"['sensitive', 'skin', 'this', 'moisturizer', 'is', 'very', 'hydrating']"
922,"['opinion', 'before', 'used', 'this', 'used', 'kiehls', 'moisturizer']"
923,"['moisturizer', 'is', 'very', 'hydrating', 'and', 'the', 'price', 'for']"
924,"['personally', 'have', 'dry', 'and', 'sensitive', 'skin']"
925,"['kiehls', 'moisturizer', 'and', 'would', 'say', 'the', 'two']"
926,"['would', 'say', 'the', 'two', 'are', 'similar', 'in', 'hydrating']"
927,"['personally', 'have', 'dry', 'and']"
928,"['opinion', 'before', 'used', 'this', 'used', 'kiehls']"
929,"['consistency', 'compared']"
930,"['fancier', 'moisturizers', 'with', 'prettier', 'packaging', 'but', 'keep']"
931,"['dry', 'oily', 'skin', 'area', 'are', 'much', 'more', 'balanced']"
932,"['keep', 'my', 'skin', 'calm', 'and', 'well', 'hydrated']"
933,"['sensitivity', 'feel', 'that', 'my', 'dry']"
934,"['aging', 'combination', 'skin', 'that', 'prone', 'to', 'redness', 'and']"
935,"['it', 'work', 'so', 'beautifully', 'for', 'my', 'aging']"
936,"['combination', 'skin']"
937,"['when', 'using', 'this', 'product', 'and']"
938,"['redness', 'and', 'sensitivity']"
939,"['can', 'really', 'ask', 'for', 'more', 'than']"
940,"['good', 'moisturizer', 'maybe', 'littler', 'bit', 'basic']"
941,"['much', 'for', 'oily', 'skin', 'for', 'all', 'other', 'skin']"
942,"['good', 'moisturizer']"
943,"['oily', 'skin', 'for', 'all', 'other', 'skin', 'type', 'it']"
944,"['skin', 'type', 'it', 'should', 'be', 'good']"
945,"['pretty', 'good', 'may', 'be', 'too', 'much', 'for', 'oily']"
946,"['amount', 'that', 'you', 'get', 'is', 'pretty', 'good']"
947,"['should', 'be', 'good']"
948,"['the', 'price', 'but', 'the']"
949,"['that', 'you']"
950,"['feel', 'so', 'different', 'it', 'doe', 'hydrate', 'the', 'skin']"
951,"['small', 'cooling', 'sensation', 'almost']"
952,"['sale', 'it', 'doesn', 'feel', 'the', 'same', 'it', 'feel']"
953,"['hydrate', 'the', 'skin', 'which', 'is', 'good', 'but', 'there']"
954,"['skin', 'which', 'is', 'good']"
955,"['ve', 'used', 'this', 'before', 'about', 'year', 'or']"
956,"['it', 'just', 'but', 'this', 'again', 'during', 'the', 'sale']"
957,"['different', 'it', 'doe']"
958,"['absolutely', 'loved', 'it']"
959,"['which', 'is', 'good', 'but', 'there', 'like', 'very']"
960,"['hydrating', 'but', 'definitely', 'not', 'for', 'acne', 'prone', 'skin']"
961,"['but', 'definitely', 'not', 'for', 'acne', 'prone', 'skin']"
962,"['made', 'me', 'breakout', 'sooo', 'bad', 'haven', 'broken', 'out']"
963,"['acne', 'prone']"
964,"['broken', 'out', 'in', 'year', 'very', 'hydrating', 'but', 'definitely']"
965,"['for', 'acne']"
966,"['bought', 'bc', 'heard', 'so', 'many', 'good']"
967,"['definitely', 'not', 'for']"
968,"['thing', 'but', 'made']"
969,"['in', 'year']"
970,"['acne', 'prone', 'skin', 'that', 'oily', 'dry', 'combination', 'use']"
971,"['love', 'it', 'have', 'acne', 'prone', 'skin', 'that', 'oily']"
972,"['year', 'now', 'and', 'love', 'it', 'have', 'acne']"
973,"['dry', 'spot', 'anymore', 'love', 'it']"
974,"['it', 'doesn', 'feel', 'greasy', 'and', 'don', 'have']"
975,"['that', 'oily', 'dry', 'combination', 'use', 'this', 'after']"
976,"['use', 'this', 'after', 'washing', 'my', 'face']"
977,"['using', 'this', 'for', 'year']"
978,"['morning', 'and', 'at', 'night']"
979,"['at', 'least']"
980,"['dry', 'unfortunately', 'cannot', 'use', 'it', 'on', 'my', 'face']"
981,"['use', 'it', 'on', 'my', 'face', 'although', 'it', 'is']"
982,"['is', 'very', 'moisturizing', 'it', 'made', 'my', 'entire', 'face']"
983,"['got', 'this', 'for', 'my', 'face', 'bc', 'my', 'skin']"
984,"['to', 'use', 'it', 'the', 'rest', 'of', 'my', 'skin']"
985,"['skin', 'a', 'it', 'is', 'very', 'moisturizer']"
986,"['my', 'face', 'bc', 'my', 'skin', 'is', 'super']"
987,"['face', 'break', 'out', 'and']"
988,"['cannot', 'use', 'it', 'on', 'my']"
989,"['time', 'that', 'happened', 'will', 'however', 'continue', 'to', 'use']"
990,"['this', 'product', 'is', 'amazing', 'on', 'face', 'and', 'body']"
991,"['is', 'horribly', 'dry', 'this', 'help', 'keep', 'my', 'skin']"
992,"['keep', 'my', 'skin', 'hydrated', 'without', 'making', 'me', 'oily']"
993,"['this', 'help', 'keep', 'my', 'skin', 'hydrated', 'without', 'making']"
994,"['help', 'keep', 'my', 'skin']"
995,"['desert', 'so', 'my', 'skin', 'is', 'horribly']"
996,"['skin', 'is']"
997,"['this', 'product']"
998,"['body', 'live', 'in', 'the', 'desert']"
999,"['is', 'amazing']"
1000,"['cerave', 'moisturizing', 'cream', 'but', 'said', 'he', 'love', 'this']"
1001,"['skincare', 'routine', 'with', 'toner', 'he', 'wa', 'using', 'cerave']"
1002,"['moisturizing', 'cream', 'way', 'better', 'because', 'it', 'not', 'sticky']"
1003,"['bought', 'this', 'moisturizer', 'for']"
1004,"['sticky', 'like', 'the', 'cerave', 'also', 'have', 'sensitive', 'skin']"
1005,"['routine', 'with', 'toner']"
1006,"['have', 'sensitive', 'skin', 'and', 'when', 'my', 'skin', 'feel']"
1007,"['better', 'because', 'it', 'not', 'sticky']"
1008,"['use', 'in', 'replacement', 'of', 'my', 'night']"
1009,"['boyfriend', 'to', 'start', 'his', 'first', 'simple']"
1010,"['hand', 'down', 'my', 'favorite', 'moisturizer', 'nothing', 'sink', 'in']"
1011,"['hand', 'down', 'my', 'favorite', 'moisturizer']"
1012,"['favorite', 'moisturizer', 'nothing', 'sink', 'in', 'a', 'fast', 'one']"
1013,"['my', 'favorite', 'moisturizer']"
1014,"['moisturizer', 'nothing', 'sink', 'in', 'a', 'fast', 'one', 'star']"
1015,"['tub', 'instead']"
1016,"['fast', 'one', 'star', 'deducted', 'because', 'received', 'two', 'tub']"
1017,"['sink', 'in']"
1018,"['hand', 'down']"
1019,"['in', 'a', 'fast']"
1020,"['daily', 'use', 'it', 'very', 'thick', 'feeling']"
1021,"['use', 'a', 'face', 'moisturizer', 'but', 'with', 'normal']"
1022,"['face', 'moisturizer', 'but', 'with', 'normal', 'sensitive', 'skin']"
1023,"['bought', 'this', 'to', 'use', 'a', 'face', 'moisturizer']"
1024,"['daily', 'use']"
1025,"['skin', 'this', 'feel', 'like', 'little', 'too', 'much', 'for']"
1026,"['work', 'well', 'but', 'would', 'not', 'recommended', 'for', 'daily']"
1027,"['too', 'much', 'for', 'daily']"
1028,"['a', 'face']"
1029,"['said', 'it']"
1030,"['smell', 'again', 'cream', 'doesn', 'glide', 'on', 'or', 'absorb']"
1031,"['cream', 'for', 'few', 'year', 'and', 'notice', 'this', 'jar']"
1032,"['chemical', 'fishy', 'mold', 'smell', 'again', 'cream']"
1033,"['jar', 'is', 'off', 'petro', 'chemical', 'fishy', 'mold']"
1034,"['ultra', 'repair', 'cream']"
1035,"['reliable', 'le', 'chemical', 'smelling', 'deep', 'moisturizing']"
1036,"['buying', 'the', 'full', 'size', 'unscented', 'ultra', 'repair']"
1037,"['is', 'too', 'much', 'oil']"
1038,"['stay', 'on', 'top', 'of', 'my', 'face']"
1039,"['moving', 'on', 'to', 'more', 'reliable']"
1040,"['hydrating', 'sunscreen', 'that', 'about', 'it', 'farmacy', 'halo', 'honey']"
1041,"['skin', 'feel', 'so', 'dry', 'after', 'using', 'use', 'this']"
1042,"['hydrating', 'at', 'all', 'my', 'skin']"
1043,"['hard', 'to', 'like', 'this', 'it', 'just', 'not', 'hydrating']"
1044,"['honey', 'and', 'dewy', 'skin', 'by']"
1045,"['use', 'this', 'in', 'the', 'morning', 'before', 'using', 'hydrating']"
1046,"['skin', 'by', 'tatcha', 'is', 'soooo', 'much', 'better']"
1047,"['is', 'soooo', 'much', 'better', 'if', 'you', 'have', 'combo']"
1048,"['morning', 'before']"
1049,"['if', 'you', 'have']"
1050,"['very', 'hydrating', 'doesn', 'leave', 'your', 'face', 'sticky']"
1051,"['very', 'hydrating', 'doesn', 'leave', 'your', 'face']"
1052,"['very', 'hydrating']"
1053,"['hydrating', 'doesn', 'leave', 'your']"
1054,"['use', 'it', 'on', 'my', 'dry', 'leg', 'a']"
1055,"['sticky', 'still', 'love', 'the', 'water']"
1056,"['love', 'the', 'water', 'bank']"
1057,"['your', 'face']"
1058,"['tatcha', 'more', 'but', 'it', 'sooo', 'expensive', 'but']"
1059,"['that', 'this', 'is', 'my', 'go', 'to', 'also', 'use']"
1060,"['use', 'an', 'oil', 'based', 'primer', 'before', 'my', 'foundation']"
1061,"['dry', 'skin', 'and', 'experience', 'hormonal', 'acne']"
1062,"['stress', 'free', 'moisturizer']"
1063,"['piling', 'but', 'wait', 'for', 'my', 'moisturizer', 'to', 'dry']"
1064,"['makeup', 'after', 'using', 'this', 'due', 'to', 'piling']"
1065,"['moisturizers', 'saw', 'someone', 'say', 'to', 'not', 'apply', 'makeup']"
1066,"['bad', 'but', 'can', 'smell', 'this', 'product']"
1067,"['think', 'of', 'this', 'a', 'stress', 'free']"
1068,"['it', 'more', 'lasting', 'that', 'other']"
1069,"['am', '26', 'year']"
1070,"['smell', 'and', 'feel', 'very', 'tacky', 'on', 'the', 'skin']"
1071,"['very', 'tacky', 'on', 'the', 'skin', 'definitely', 'not', 'worth']"
1072,"['the', 'skin', 'definitely', 'not', 'worth', 'the', 'price']"
1073,"['and', 'feel', 'very', 'tacky', 'on', 'the', 'skin']"
1074,"['awful', 'smell']"
1075,"['definitely', 'not', 'worth', 'the', 'price']"
1076,"['the', 'skin']"
1077,"['the', 'price']"
1078,"['feel', 'very']"
1079,"['on', 'the']"
1080,"['spent', '46', 'on', 'hand', 'cream', 'but', 'honestly', 'it']"
1081,"['hand', 'cream', 'but', 'honestly', 'it', 'worth']"
1082,"['46', 'on', 'hand', 'cream', 'but', 'honestly', 'it', 'worth']"
1083,"['last', 'forever', 'and', 'this', 'is', 'the', 'only', 'cream']"
1084,"['cream', 've', 'encountered', 'that', 'tackle', 'my', 'intensely', 'dry']"
1085,"['it', 'worth', 'it', 'this', 'bottle', 'will', 'last', 'forever']"
1086,"['dry', 'hand', 'in', 'winter']"
1087,"['on', 'hand']"
1088,"['believe', 'spent']"
1089,"['the', 'only']"
1090,"['squeeze', 'tube', 'however', 'it', 'arrived', 'with', 'two', 'tub']"
1091,"['away', 'kit', 'because', 'it', 'showed', 'squeeze', 'tube', 'however']"
1092,"['it', 'arrived', 'with', 'two', 'tub', 'even', 'the', 'travel']"
1093,"['because', 'it', 'showed', 'squeeze', 'tube', 'however', 'it', 'arrived']"
1094,"['tube', 'that', 'do', 'not', 'require', 'you']"
1095,"['purchased', 'if', 'knew', 'it', 'wa', 'tub', 'instead', 'of']"
1096,"['home', 'and', 'away', 'kit', 'because']"
1097,"['the', 'travel', 'size', 'is']"
1098,"['your', 'hand', 'in', 'to', 'get', 'the', 'product']"
1099,"['feel', 'unsanitary', 'and', 'messy']"
1100,"['product', 'must', 'try', 'if', 'you', 've', 'dry', 'skin']"
1101,"['keep', 'my', 'skin', 'moisturized', 'for', 'the', 'whole', 'day']"
1102,"['ve', 'dry', 'skin', 'keep', 'my', 'skin', 'moisturized']"
1103,"['try', 'if', 'you', 've', 'dry', 'skin', 'keep', 'my']"
1104,"['my', 'skin', 'moisturized', 'for', 'the', 'whole']"
1105,"['love', 'this', 'product', 'must', 'try', 'if', 'you']"
1106,"['if', 'you', 've', 'dry', 'skin']"
1107,"['you', 've', 'dry', 'skin', 'keep', 'my']"
1108,"['moisturized', 'for', 'the']"
1109,"['love', 'this', 'product']"
1110,"['hype', 'use', 'it', 'a', 'my', 'night', 'cream']"
1111,"['cream', 'on', 'my', 'extremely']"
1112,"['feeling', 'buttery', 'and', 'soft', 'the', 'texture']"
1113,"['extremely', 'sensitive', 'skin', 'and', 'wake']"
1114,"['is', 'perfect', 'not', 'too', 'thick', 'and', 'not', 'to']"
1115,"['this', 'stuff', 'is', 'magic', 'and', 'worth']"
1116,"['thin', 'will', 'repurchase', 'again', 'and']"
1117,"['skin', 'and']"
1118,"['use', 'it']"
1119,"['up', 'to', 'it']"
1120,"['moisturizing', 'great', 'for', 'dry', 'sensitive', 'winter', 'skin', 'but']"
1121,"['moisturizing', 'great']"
1122,"['can', 'use', 'sunscreen', 'or', 'makeup', 'above', 'without', 'it']"
1123,"['sensitive', 'winter', 'skin', 'but', 'it', 'pill']"
1124,"['winter', 'skin', 'but', 'it']"
1125,"['skin', 'but', 'it', 'pill', 'over', 'and']"
1126,"['to', 'stay', 'moisturized', 'and', 'you']"
1127,"['peeling', 'all', 'over', 'great', 'if', 'you', 'need']"
1128,"['serum', 'or', 'hyaluronic', 'acid', 'can']"
1129,"['under', 'anything', 'and', 'everything']"
1130,"['unsure', 'if', 'this', 'wa', 'mistake', 'on', 'sephora', 'end']"
1131,"['tube', 'but', 'rather', 'two', 'pot', 'love', 'this', 'moisturizer']"
1132,"['wa', 'not', 'these', 'two', 'tube', 'but']"
1133,"['the', 'product', 'received', 'wa', 'not', 'these', 'two']"
1134,"['moisturizer', 'but', 'wanted', 'to', 'switch', 'over', 'to', 'the']"
1135,"['end', 'or', 'not', 'but', 'the', 'product']"
1136,"['the', 'product', 'but', 'definitely', 'wish', 'knew', 'this', 'before']"
1137,"['but', 'rather', 'two']"
1138,"['end', 'up', 'scraping', 'it', 'into', 'travel', 'tube']"
1139,"['since', 'there', 'is', 'le', 'chance', 'of', 'contamination']"
1140,"['have', 'perpetually', 'struggled', 'with', 'acne']"
1141,"['finding', 'moisturizer', 'that', 'doesn', 'break', 'me', 'out']"
1142,"['to', 'dry', 'out', 'from', 'the', 'acne', 'product', 'use']"
1143,"['this', 'product', 'it', 'absorbs', 'into', 'the', 'skin', 'very']"
1144,"['of', '29', 'my', 'skin', 'tends', 'to', 'dry', 'out']"
1145,"['of', 'challenge', 'that', 'is', 'until', 'found', 'this', 'product']"
1146,"['soft', 'since', 've', 'been', 'using']"
1147,"['is', 'extremely', 'sensitive']"
1148,"['the', 'age', 'of', '29']"
1149,"['doesn', 'break']"
1150,"['definitely', 'do', 'not', 'use', 'while', 'in', 'tretinoid', 'treatment']"
1151,"['tretinoid', 'treatment', 'it', 'would', 'make', 'your', 'face', 'burn']"
1152,"['in', 'tretinoid', 'treatment', 'it', 'would', 'make', 'your', 'face']"
1153,"['while', 'in', 'tretinoid', 'treatment', 'it', 'would', 'make', 'your']"
1154,"['tretinoid', 'treatment']"
1155,"['face', 'burn', 'over', 'all', 'good', 'moisturizer', 'for', 'face']"
1156,"['moisturizer', 'for']"
1157,"['for', 'face', 'and', 'body']"
1158,"['not', 'use']"
1159,"['definitely', 'do']"
1160,"['it', 'great', 'product', 'for', 'dry', 'skin', 'recently']"
1161,"['struggling', 'to', 'find', 'best', 'moisturiser']"
1162,"['skin', 'dewy', 'glow']"
1163,"['flaky', 'itchy', 'and', 'red', 'found', 'this', 'product']"
1164,"['skin', 'recently', 'moved', 'to', 'abroad', 'from']"
1165,"['to', 'sephora', 'and', 'bought', 'this', 'thing', 'what', 'magic']"
1166,"['this', 'product', 'on', 'the', 'instagram', 'and', 'wa', 'curious']"
1167,"['quickly', 'absorbs', 'and', 'leaf']"
1168,"['cold', 'winter', 'weather', 'of', 'florida']"
1169,"['abroad', 'from', 'india', 'and']"
1170,"['doesn', 'work', 'for', 'me', 'it', 'irritated', 'my', 'face']"
1171,"['but', 'it', 'doesn', 'work', 'for', 'me', 'it', 'irritated']"
1172,"['it', 'irritated', 'my', 'face', 'and', 'didn', 'feel', 'different']"
1173,"['wrong', 'but', 'it', 'doesn', 'work', 'for', 'me', 'it']"
1174,"['using', 'it', 'wrong', 'but', 'it', 'doesn', 'work', 'for']"
1175,"['it', 'doesn', 'work']"
1176,"['maybe', 'using', 'it', 'wrong']"
1177,"['my', 'face', 'and', 'didn', 'feel', 'different', 'after', 'week']"
1178,"['different', 'after', 'week', 'of', 'use', 'won', 'buy', 'again']"
1179,"['me', 'it']"
1180,"['ruined', 'my', 'skin', 'went', 'from', 'barely', 'having', 'any']"
1181,"['went', 'from', 'barely', 'having', 'any', 'pimple']"
1182,"['acne', 'to', 'having', 'them', 'all', 'over', 'thought', 'it']"
1183,"['pimple', 'acne']"
1184,"['went', 'to', 'so', 'many', 'doctor', 'and', 'received', 'facial']"
1185,"['wa', 'hormone', 'went', 'to', 'so', 'many', 'doctor', 'and']"
1186,"['facial', 'all', 'for', 'it', 'to', 'be', 'this', 'moisturizer']"
1187,"['ruined', 'my']"
1188,"['all', 'over']"
1189,"['it', 'wa']"
1190,"['ha', 'year', 'round', 'dry', 'skin', 'is', 'very', 'sensitive']"
1191,"['skin', 'is', 'very', 'sensitive', 'to', 'product', 'this']"
1192,"['the', 'only', 'moisturizers', 'that', 've', 'tried', 'that']"
1193,"['dry', 'skin']"
1194,"['someone', 'who', 'ha', 'year', 'round', 'dry', 'skin']"
1195,"['blotchy', 'red', 'or', 'burn']"
1196,"['ve', 'tried', 'that', 'hasn', 'made', 'me', 'blotchy']"
1197,"['sensitive', 'to', 'product']"
1198,"['someone', 'who', 'ha', 'year']"
1199,"['this', 'wa', 'one', 'of', 'the', 'only']"
1200,"['thick', 'making', 'my', 'skin']"
1201,"['thick', 'making', 'my', 'skin', 'clog', 'use', 'very', 'lightly']"
1202,"['pill', 'if', 'you', 'try', 'and', 'put', 'any', 'makeup']"
1203,"['any', 'makeup', 'over', 'top', 'of', 'it', 'flaking']"
1204,"['clog', 'use', 'very', 'lightly', 'also', 'pill']"
1205,"['very', 'lightly', 'also']"
1206,"['midday', 'while', 'working', 'from', 'home', 'if', 'need', 'little']"
1207,"['need', 'little']"
1208,"['specific', 'use', 'case']"
1209,"['of', 'it']"
1210,"['dry', 'sensitive', 'and', 'rosacea', 'prone', 'skin', 'this', 'moisturizer']"
1211,"['and', 'rosacea', 'prone', 'skin', 'this', 'moisturizer', 'help']"
1212,"['prone', 'skin', 'this', 'moisturizer', 'help', 'with', 'all', 'of']"
1213,"['using', 'this', 'moisturizer', 'had', 'flakey', 'spot', 'and']"
1214,"['moisturizer', 'help', 'with', 'all', 'of']"
1215,"['spot', 'and', 'dry', 'patch', 'and', 'within', 'week', 'my']"
1216,"['when', 'first', 'started', 'using', 'this', 'moisturizer']"
1217,"['my', 'skin', 'wa', 'alot', 'le']"
1218,"['le', 'dry', 'and', 'smooth', 'month', 'later', 'know', 'never']"
1219,"['never', 'going', 'to', 'use', 'different']"
1220,"['dry', 'skin', 'with', 'lot', 'of', 'redness', 'from', 'rosacea']"
1221,"['rosacea', 'after', 'few', 'day', 'of', 'using', 'this']"
1222,"['felt', 'much', 'more', 'hydrated', 'and', 'my', 'redness', 'ha']"
1223,"['using', 'this', 'my', 'skin', 'felt', 'much', 'more', 'hydrated']"
1224,"['significantly', 'love', 'that', 'it', 'absorbs', 'into', 'my', 'skin']"
1225,"['day', 'of', 'using', 'this', 'my', 'skin', 'felt', 'much']"
1226,"['dry', 'skin', 'with']"
1227,"['redness', 'ha', 'gone', 'down', 'significantly', 'love', 'that', 'it']"
1228,"['skin', 'and', 'isn', 'greasy', 'it', 'win']"
1229,"['after', 'few', 'day', 'of', 'using', 'this']"
1230,"['hyper', 'sensitive', 'skin', 'this', 'cream', 'with', 'colloidal', 'oatmeal']"
1231,"['acne', 'damage', 'have', 'used', 'this', 'product', 'for']"
1232,"['this', 'cream', 'for', 'up', 'to', '48', 'hour']"
1233,"['this', 'cream', 'can', 'be', 'little', 'thick', 'and', 'heavy']"
1234,"['to', '48', 'hour', 've', 'experienced', 'significantly', 'le', 'breakout']"
1235,"['lighter', 'application', 'my', 'skin', 'can', 'stay', 'hydrated']"
1236,"['longterm', 'result', 'love', 'it']"
1237,"['night', 'or', 'when', 'my', 'face']"
1238,"['no', 'fragrance', 'and', 'it', 'doe', 'not', 'feel']"
1239,"['thick', 'and', 'heavy', 'in', 'application', 'if', 'you', 'use']"
1240,"['this', 'is', 'it', 'the', 'best', 'moisturizer']"
1241,"['moisturizer', 'ever', 'there', 'is', 'no', 'product', 'use']"
1242,"['oily', 'acne', 'prone', 'skin', 'but', 'this', 'doesn', 'break']"
1243,"['skin', 'used', 'to', 'use', 'it', 'only', 'at', 'night']"
1244,"['use', 'more', 'voraciously', 'than', 'this', 'one', 'have', 'oily']"
1245,"['there', 'is', 'no', 'product', 'use', 'more', 'voraciously', 'than']"
1246,"['just', 'feel', 'so', 'amazing', 'on', 'the', 'skin']"
1247,"['me', 'out', 'it', 'pretty', 'thick', 'but', 'just', 'feel']"
1248,"['silicone', 'spatula', 'to', 'get']"
1249,"['out', 'of', 'the', 'pot']"
1250,"['is', 'great', 'every', 'day', 'moisturizer', 've', 'already', 'ordered']"
1251,"['this', 'is', 'great', 'every', 'day', 'moisturizer']"
1252,"['moisturizer', 've']"
1253,"['heavy', 'or', 'too', 'thin', 'easy', 'to', 'apply']"
1254,"['residue', 'or', 'unpleasant', 'scent']"
1255,"['absorbs', 'quickly', 'and', 'doe']"
1256,"['ordered', 'more', 'than']"
1257,"['more', 'than', 'once', 'it']"
1258,"['pricy', 'but', 'worth']"
1259,"['this', 'is']"
1260,"['away', 'kit', 'doesn', 'come', 'in', 'the', 'container', 'pictured']"
1261,"['home', 'and', 'travel', 'size', 'container', 'are', 'the', 'tub']"
1262,"['the', 'container', 'pictured', 'both', 'home', 'and']"
1263,"['this', 'moisturizer', 'lot', 'but', 'the', 'home', 'and']"
1264,"['come', 'in', 'the', 'container']"
1265,"['the', 'squeeze', 'type', 'packaging', 'since', 'it', 'more', 'sanitary']"
1266,"['home', 'and', 'away', 'kit', 'for', 'the', 'squeeze']"
1267,"['wa', 'the', 'packaging', 'literally', 'bought', 'the', 'home']"
1268,"['you', 'have', 'to', 'put', 'your', 'hand', 'in', 'each']"
1269,"['and', 'travel']"
1270,"['nourishing', 'and', 'non', 'irritating', 'such', 'an', 'amazing', 'find']"
1271,"['affordable', 'that', 'the', 'expensive', 'night', 'cream', 'wa', 'using']"
1272,"['night', 'cream']"
1273,"['amazingly', 'nourishing', 'and']"
1274,"['cream', 'wa', 'using']"
1275,"['amazing', 'find', 'that', 'is', 'load', 'more', 'affordable']"
1276,"['irritating', 'such', 'an', 'amazing']"
1277,"['is', 'load', 'more']"
1278,"['an', 'amazing']"
1279,"['find', 'that']"
1280,"['truly', 'the', 'ultimate', 'skin', 'sensitive', 'moisturizer']"
1281,"['used', 'this', 'a', 'my', 'face', 'moisturizer', 'for', 'five']"
1282,"['face', 'moisturizer', 'for']"
1283,"['moisturizer', 'for', 'five', 'year', 'and']"
1284,"['just', 'save', 'it', 'for', 'dry', 'hand', 'elbow', 'etc']"
1285,"['is', 'too', 'hydrating', 'for', 'my', 'combination', 'skin']"
1286,"['reliable', 'product']"
1287,"['elbow', 'etc', 'truly', 'the', 'ultimate', 'skin']"
1288,"['skin', 'now', 'no', 'worry', 'though', 'now', 'just', 'save']"
1289,"['ve', 'ever']"
1290,"['my', 'hand', 'and', 'it', 'just', 'miracle', 'cream']"
1291,"['cerave', 'cetaphil', 'absolutely', 'nothing', 'ha', 'helped', 'my', 'extreme']"
1292,"['eucerin', 'vaseline', 'mustela', 'wedela']"
1293,"['extreme', 'pain', 'dryness', 'and', 'itch', 'to', 'go', 'away']"
1294,"['have', 'needed', 'actually', 'bought', 'the', 'mango', 'and', 'grapefruit']"
1295,"['my', 'skin', 'isn', 'splitting']"
1296,"['bought', 'more', 'last', 'week', 'and', 'my', 'hand', 'are']"
1297,"['please', 'don', 'ever', 'discontinue', 'this', 'work', '100']"
1298,"['fab', 'ultra', 'repair']"
1299,"['are', 'about', '80', 'better', 'haven', 'felt', 'the', 'burn']"
1300,"['love', 'this', 'product', 'for', 'my', 'leg', 'and', 'foot']"
1301,"['love', 'this', 'product', 'for', 'my', 'leg', 'and']"
1302,"['product', 'for', 'my', 'leg', 'and', 'foot', 've', 'been']"
1303,"['my', 'leg', 'and', 'foot', 've', 'been', 'using', 'it']"
1304,"['foot', 've', 'been', 'using', 'it', 'for', 'few']"
1305,"['love', 'this', 'product']"
1306,"['leg', 'and', 'foot']"
1307,"['been', 'using', 'it', 'for', 'few', 'year']"
1308,"['live', 'without', 'it']"
1309,"['for', 'my']"
1310,"['absolutely', 'love', 'this', 'moisturizer', 'have', 'been', 'using']"
1311,"['this', 'moisturizer', 'have', 'been', 'using', 'this', 'for', 'about']"
1312,"['doesn', 'leave', 'heavy', 'greasy', 'feeling', 'on', 'my', 'face']"
1313,"['smooth', 'it', 'absorbs', 'fast', 'into', 'the', 'skin', 'and']"
1314,"['people', 'saying', 'my', 'face', 'look', 'so', 'radiant', 'and']"
1315,"['using', 'this', 'for', 'about', 'week']"
1316,"['day', 'morning', 'after', 'shower', 'and', 'already', 'getting']"
1317,"['about', 'week', 'first', 'time', 'purchase', 'applying', 'twice', 'day']"
1318,"['absolutely', 'love']"
1319,"['so', 'many']"
1320,"['ha', 've', 'never', 'felt', 'so', 'insecure', 'it']"
1321,"['not', 'good', 'because', 'my', 'face', 'usually', 'burn', 'lot']"
1322,"['worked', 'wonder', 'on', 'my', 'girlfriend', 'face', 'she', 'love']"
1323,"['dot', 'to', 'my', 'recent', 'abnormal', 'breakout', 'give']"
1324,"['sad', 'to', 'say', 'that', 'it', 'made', 'me', 'break']"
1325,"['love', 'it', 'and', 'it', 'is', 'helping', 'her', 'dryness']"
1326,"['it', 'two', 'star', 'because', 'my', 'worked', 'wonder', 'on']"
1327,"['to', 'realize', 'that', 'the', 'burning', 'wa', 'feeling']"
1328,"['is', '20', 'day', 'into', 'use', 'it']"
1329,"['never', 'stopped']"
1330,"['moisturized', 'face', 'but', 'the', 'number', 'one', 'problem']"
1331,"['like', 'my', 'face', 'is', 'moisturized', 'and', 'give']"
1332,"['can', 'wear', 'make', 'up', 'or', 'lightweight', 'sunscreen', 'without']"
1333,"['and', 'give', 'that', 'look', 'of', 'moisturized', 'face']"
1334,"['this', 'product', 'is', 'that', 'it', 'peel']"
1335,"['me', 'don', 'feel', 'like', 'my', 'face', 'is']"
1336,"['one', 'problem', 'that', 'have', 'with', 'this', 'product', 'is']"
1337,"['have', 'with', 'this', 'product']"
1338,"['that', 'this', 'didn', 'work', 'for', 'me', 'don', 'feel']"
1339,"['it', 'and', 'willing', 'be', 'returning', 'it', 'for', 'something']"
1340,"['this', 'moisturizer', 'it', 'is', 'perfect', 'for', 'my', 'skin']"
1341,"['my', 'pore', 'and', 'notice', 'an', 'increase', 'in', 'blackhead']"
1342,"['blackhead', 'only', 'using', 'it', 'at', 'night', 'ha']"
1343,"['use', 'it', 'everyday', 'think', 'it', 'clog', 'my', 'pore']"
1344,"['my', 'skin', 'in', 'the', 'dry', 'winter']"
1345,"['very', 'thick', 'usually', 'only', 'use', 'this', 'at', 'night']"
1346,"['night', 'because']"
1347,"['dry', 'winter', 'climate', 'where', 'live', 'because']"
1348,"['is', 'very']"
1349,"['love', 'love', 'love']"
1350,"['combo', 'skin', 'with', 'minimal', 'redness', 'through', 'my', 'cheek']"
1351,"['myself', 'to', 'have', 'sensitive', 'combo', 'skin', 'with', 'minimal']"
1352,"['a', 'prone', 'to', 'break', 'out', 'love', 'this', 'cream']"
1353,"['through', 'my', 'cheek', 'especially', 'in', 'the', 'winter']"
1354,"['makeup', 'during', 'the', 'day']"
1355,"['winter', 'am', 'always', 'little', 'hesitant', 'to', 'try', 'new']"
1356,"['consider', 'myself', 'to', 'have', 'sensitive']"
1357,"['moisturizer', 'just', 'wasn']"
1358,"['night', 'have', 'been', 'using', 'this', 'for', 'over', 'month']"
1359,"['is', 'super', 'hydrating', 'without', 'being', 'heavy', 'and', 'oily']"
1360,"['really', 'good', 'cream', 'for', 'my', 'dry', 'winter', 'day']"
1361,"['cream', 'for', 'my', 'dry', 'winter', 'day', 'since', 'tend']"
1362,"['peel', 'on', 'cold', 'weather', 'btw', 'have', 'normally', 'oily']"
1363,"['cold', 'weather', 'btw', 'have', 'normally', 'oily', 'skin']"
1364,"['oily', 'skin']"
1365,"['cream', 'for']"
1366,"['dry', 'winter', 'day', 'since', 'tend']"
1367,"['cold', 'weather']"
1368,"['really', 'good']"
1369,"['since', 'tend', 'to', 'really']"
1370,"['beauty', 'ultra', 'repair', 'cream', 'intense', 'hydration', 'for', 'about']"
1371,"['bought', 'the', 'ounce', 'it', 'hydrate', 'no', 'grease', 'feeling']"
1372,"['have', 'oily', 'skin', 'the', 'hydration', 'may', 'be', 'bit']"
1373,"['do', 'have', 'oily', 'skin']"
1374,"['have', 'been', 'using', 'the', 'first', 'aid', 'beauty', 'ultra']"
1375,"['month', 'now', 'originally', 'bought', 'the', 'small', 'ounce', 'bottle']"
1376,"['too', 'much', 'but', 'for', 'my', 'combo', 'skin', 'sensitive']"
1377,"['this', 'product']"
1378,"['first', 'aid']"
1379,"['all', 'could', 'say', 'if', 'you']"
1380,"['it', 'moisturizes', 'my', 'skin', 'well', 'and', 'it', 'too']"
1381,"['overhyped', 'it', 'just', 'not', 'that', 'good']"
1382,"['moisturizes', 'my', 'skin', 'well', 'and', 'it', 'too', 'thick']"
1383,"['that', 'good', 'don', 'think', 'it', 'moisturizes']"
1384,"['skin', 'well', 'and', 'it', 'too', 'thick']"
1385,"['thick', 'for', 'no', 'reason', 'same', 'there', 'definitely', 'better']"
1386,"['my', 'skin']"
1387,"['definitely', 'better']"
1388,"['and', 'it', 'too']"
1389,"['out', 'there']"
1390,"['for', 'face', 'gave', 'me', 'the', 'worse', 'breakout', 'iv']"
1391,"['face', 'gave', 'me', 'the', 'worse', 'breakout', 'iv', 'had']"
1392,"['not', 'for', 'face', 'gave', 'me', 'the', 'worse', 'breakout']"
1393,"['good', 'for', 'body', 'but', 'not', 'for', 'face', 'gave']"
1394,"['breakout', 'iv', 'had', 'in', 'year']"
1395,"['worse', 'breakout']"
1396,"['body', 'but', 'not', 'for', 'face', 'gave']"
1397,"['good', 'for', 'body', 'but', 'not']"
1398,"['had', 'in', 'year']"
1399,"['me', 'the']"
1400,"['to', 'this', 'fab', 'cream', 'been', 'using', 'this']"
1401,"['body', 'cream', 'rich', 'creamy', 'and', 'wonderfully', 'hydrating', 'have']"
1402,"['this', 'a', 'hand', 'and', 'body', 'cream']"
1403,"['no', 'reaction', 'to', 'this', 'fab', 'cream']"
1404,"['tub', 'a', 'it', 'more', 'sanitary', 'highly', 'recommend']"
1405,"['hydrating', 'have', 'sensitive', 'skin', 'that', 'turn', 'red', 'and']"
1406,"['tube', 'to']"
1407,"['love', 'this', 'a', 'hand', 'and', 'body']"
1408,"['can', 'break', 'out']"
1409,"['ve', 'had', 'no', 'reaction']"
1410,"['cream', 'and', 'the', 'top', 'of', 'my', 'hand', 'look']"
1411,"['sun', 'the', 'back', 'of', 'my', 'hand', 'daily']"
1412,"['wearing', 'long', 'sleeve', 'shirt', 'with', 'high', 'spf', 'rating']"
1413,"['work', 'outside', 'my', 'hand', 'and', 'arm', 'take']"
1414,"['lizard', 'skin', 'arm', 'to', 'lessor', 'extent', 'wearing']"
1415,"['arm', 'take', 'beating', 'in', 'under', 'the', 'mississippi', 'sun']"
1416,"['the', 'product', 'might', 'be', 'for', 'everyone', 'but']"
1417,"['63', 'year', 'old', 'male', 'that', 'work', 'outside', 'my']"
1418,"['didn', 'have', 'time', 'to', 'apply']"
1419,"['tube', 'of', 'jurgens', 'ha', 'hit', 'the']"
1420,"['very', 'greasy', 'and', 'oily', 'want', 'to', 'feel', 'moisturized']"
1421,"['to', 'feel', 'moisturized', 'not', 'oily', 'felt']"
1422,"['impression', 'were', 'it', 'wa', 'instantly', 'moisturizing']"
1423,"['hand', 'were', 'very', 'greasy', 'and', 'oily', 'want']"
1424,"['moisturizing', 'and']"
1425,"['to', 'wash', 'the', 'oil', 'off', 'my', 'hand']"
1426,"['oily', 'felt']"
1427,"['noticed', 'the', 'palm', 'of', 'my', 'hand', 'were', 'very']"
1428,"['wait', 'for', 'it', 'to', 'soak', 'in', 'my', 'skin']"
1429,"['this', 'a', 'sample', '1st', 'impression']"
1430,"['have', 'incredibly', 'dry', 'skin', 'in', 'the', 'winter']"
1431,"['dry', 'skin', 'in', 'the', 'winter', 'and', 'this', 'work']"
1432,"['work', 'great', 'without', 'feeling', 'heavy', 'or', 'greasy', 'so']"
1433,"['skin', 'in', 'the', 'winter', 'and', 'this', 'work', 'great']"
1434,"['heavy', 'or', 'greasy', 'so', 'glad', 'found', 'it']"
1435,"['winter', 'and', 'this', 'work', 'great', 'without', 'feeling', 'heavy']"
1436,"['incredibly', 'dry']"
1437,"['this', 'work', 'great']"
1438,"['glad', 'found', 'it']"
1439,"['have', 'incredibly']"
1440,"['love', 'this', 'product', 'ha', 'helped', 'reduce', 'my', 'redness']"
1441,"['holy', 'grail', 'absolutely', 'love', 'this', 'product', 'ha', 'helped']"
1442,"['my', 'holy', 'grail', 'absolutely', 'love', 'this', 'product', 'ha']"
1443,"['absolutely', 'love', 'this', 'product', 'ha', 'helped', 'reduce', 'my']"
1444,"['my', 'redness']"
1445,"['my', 'holy', 'grail', 'absolutely']"
1446,"['love', 'this', 'product']"
1447,"['product', 'ha']"
1448,"['love', 'this']"
1449,"['reduce', 'my']"
1450,"['amazing', 'for', 'winter', 'skin', 'bought', 'the', 'mini']"
1451,"['for', 'winter', 'skin', 'bought', 'the', 'mini', 'to', 'try']"
1452,"['amazing', 'for', 'winter', 'skin', 'bought']"
1453,"['winter', 'skin']"
1454,"['amazing', 'for', 'winter']"
1455,"['mini', 'to', 'try', 'and', 'went']"
1456,"['size', 'to', 'slather', 'myself', 'from', 'head', 'to', 'toe']"
1457,"['day', 'to', 'buy', 'the', 'full', 'size', 'to']"
1458,"['amazing', 'for']"
1459,"['try', 'and', 'went', 'back', 'the', 'next', 'day']"
1460,"['favorite', 'moisturizer', 'for']"
1461,"['my', 'favorite', 'moisturizer', 'for', 'while', 'had', 'really', 'painful']"
1462,"['moisturizer', 'for', 'while', 'had', 'really', 'painful', 'dry', 'patch']"
1463,"['painful', 'dry', 'patch', 'and', 'acne', 'and', 'it', 'helped']"
1464,"['me', 'too', 'shiny', 'in', 'the', 'morning', 'but', 'feel']"
1465,"['feel', 'hydrating']"
1466,"['and', 'acne', 'and', 'it']"
1467,"['helped', 'with', 'both', 'also', 'like', 'how', 'it']"
1468,"['my', 'favorite']"
1469,"['it', 'doesn', 'make', 'me']"
1470,"['some', 'reason', 'it', 'doesn', 'really', 'moisturize', 'my', 'skin']"
1471,"['applying', 'it', 'feel', 'like', 'nothing', 'really']"
1472,"['ll', 'apply', 'it', 'twice', 'sometimes', 'it', 'super']"
1473,"['maybe', 'it', 'absorbs', 'really', 'quickly', 'but', 'like', '10']"
1474,"['review', 'but', 'it', 'doesn', 'work']"
1475,"['slightly', 'dry', 'in', 'the', 'winter']"
1476,"['really', 'quickly', 'but', 'like', '10', 'minute', 'after', 'applying']"
1477,"['weird', 'minty', 'smell']"
1478,"['bought', 'this', 'after', 'seeing', 'how', 'popular', 'it', 'wa']"
1479,"['it', 'feel', 'like', 'nothing', 'really', 'happened', 'so']"
1480,"['about', 'ultra', 'repair']"
1481,"['ultra', 'repair', 'have', 'sensitive', 'acne', 'prone', 'skin']"
1482,"['good', 'thing', 'about', 'ultra', 'repair', 'have', 'sensitive']"
1483,"['couldn', 'say', 'enough', 'good', 'thing', 'about', 'ultra']"
1484,"['extra', 'sensitive', 'to', 'dry', 'weather', 'and', 'this', 'moisturizer']"
1485,"['combat', 'dryness', 'a', 'well', 'great', 'price', 'and']"
1486,"['this', 'moisturizer', 'work', 'like', 'charm', 'the', 'perfect', 'consistency']"
1487,"['consistency', 'extra', 'great', 'to', 'use', 'right', 'before', 'flight']"
1488,"['last', 'forever']"
1489,"['great', 'price', 'and']"
